{
  "resourceType": "Questionnaire",
  "extension": [
    {
      "url": "http://hl7.org/fhir/StructureDefinition/cqif-library",
      "valueReference": {
        "reference": "Library/PositiveAirwayPressureDevices-prepopulation"
      }
    },
    {
      "url": "http://hl7.org/fhir/StructureDefinition/cqif-library",
      "valueReference": {
        "reference": "Library/BasicPatientInfo-prepopulation"
      }
    },
    {
      "url": "http://hl7.org/fhir/StructureDefinition/cqif-library",
      "valueReference": {
        "reference": "Library/BasicPractitionerInfo-prepopulation"
      }
    }
  ],
  "id": "PositiveAirwayPressureDevices",
  "name": "PositiveAirwayPressureDevices",
  "identifier": [
    {
      "id": "urn:hl7:davinci:crd:positive-airway-pressure-questionnaire"
    }
  ],
  "title": "Positive Airway Pressure Questionnaire",
  "status": "draft",
  "date": "2019-05-31T00:00:00-04:00",
  "publisher": "Da Vinci DTR",
  "subjectType": [
    "Patient"
  ],
  "item": [
    {
      "linkId": "1",
      "type": "group",
      "item": [
        {
          "extension": [
            {
              "url": "http://hl7.org/fhir/StructureDefinition/cqif-calculatedValue",
              "valueString": "\"BasicPatientInfoPrepopulation\".LastName"
            }
          ],
          "linkId": "1.1",
          "text": "Last Name:",
          "type": "string",
          "required": true
        },
        {
          "extension": [
            {
              "url": "http://hl7.org/fhir/StructureDefinition/cqif-calculatedValue",
              "valueString": "\"BasicPatientInfoPrepopulation\".FirstName"
            }
          ],
          "linkId": "1.2",
          "text": "First Name:",
          "type": "string",
          "required": true
        },
        {
          "extension": [
            {
              "url": "http://hl7.org/fhir/StructureDefinition/cqif-calculatedValue",
              "valueString": "\"BasicPatientInfoPrepopulation\".MiddleInitial"
            }
          ],
          "linkId": "1.3",
          "text": "Middle Initial:",
          "type": "string",
          "required": true
        },
        {
          "extension": [
            {
              "url": "http://hl7.org/fhir/StructureDefinition/cqif-calculatedValue",
              "valueString": "\"BasicPatientInfoPrepopulation\".DateOfBirth"
            }
          ],
          "linkId": "1.4",
          "text": "Date of Birth:",
          "type": "date",
          "required": true
        },
        {
          "extension": [
            {
              "url": "http://hl7.org/fhir/StructureDefinition/cqif-calculatedValue",
              "valueString": "\"BasicPatientInfoPrepopulation\".Gender"
            }
          ],
          "linkId": "1.5",
          "text": "Gender:",
          "type": "choice",
          "required": true,
          "option": [
            {
              "valueCoding": {
                "code": "male",
                "display": "Male"
              }
            },
            {
              "valueCoding": {
                "code": "female",
                "display": "Female"
              }
            }
          ]
        },
        {
          "extension": [
            {
              "url": "http://hl7.org/fhir/StructureDefinition/cqif-calculatedValue",
              "valueString": "\"BasicPatientInfoPrepopulation\".MedicareId"
            }
          ],
          "linkId": "1.6",
          "text": "Medicare ID:",
          "type": "string",
          "required": true
        }
      ]
    },
    {
      "linkId": "2",
      "text": "Provider who is performing face-to-face evaluation",
      "type": "group",
      "item": [
        {
          "extension": [
            {
              "url": "http://hl7.org/fhir/StructureDefinition/cqif-calculatedValue",
              "valueString": "\"BasicPractitionerInfoPrepopulation\".LastName"
            }
          ],
          "linkId": "2.1",
          "text": "Last Name",
          "type": "string",
          "required": false
        },
        {
          "extension": [
            {
              "url": "http://hl7.org/fhir/StructureDefinition/cqif-calculatedValue",
              "valueString": "\"BasicPractitionerInfoPrepopulation\".FirstName"
            }
          ],
          "linkId": "2.2",
          "text": "First Name",
          "type": "string",
          "required": false
        },
        {
          "extension": [
            {
              "url": "http://hl7.org/fhir/StructureDefinition/cqif-calculatedValue",
              "valueString": "\"BasicPractitionerInfoPrepopulation\".MiddleInitial"
            }
          ],
          "linkId": "2.3",
          "text": "Middle Initial",
          "type": "string",
          "required": false
        }
      ]
    },
    {
      "linkId": "3",
      "text": "Date of F2F evaluation (MM/DD/YYYY):",
      "type": "group",
      "item": [
        {
          "linkId": "3.1",
          "type": "date"
        }
      ]
    },
    {
      "linkId": "4",
      "text": "Patient diagnosis:",
      "type": "group",
      "item": [
        {
          "extension": [
            {
              "url": "http://hl7.org/fhir/StructureDefinition/cqif-calculatedValue",
              "valueString": "\"PositiveAirwayPressureDevicePrepopulation\".OsaDiagnosis"
            }
          ],
          "linkId": "4.1",
          "type": "choice",
          "option": [
            {
              "valueCoding": {
                "code": "OSA",
                "display": "Obstructive Sleep Apnea"
              }
            }
          ]
        },
        {
          "linkId": "4.2",
          "text": "Other:",
          "type": "choice",
          "option": [
            {
              "valueCoding": {
                "code": "Other",
                "display": "Yes"
              }
            }
          ]
        },
        {
          "extension": [
            {
              "url": "http://hl7.org/fhir/StructureDefinition/cqif-calculatedValue",
              "valueString": "\"PositiveAirwayPressureDevicePrepopulation\".OtherDiagnoses"
            }
          ],
          "linkId": "4.3",
          "text": "Other (describe):",
          "type": "text"
        }
      ]
    },
    {
      "linkId": "5",
      "type": "group",
      "item": [
        {
          "linkId": "5.1",
          "text": "Order start date, if different from date of order (MM/DD/YYYY):",
          "type": "date"
        }
      ]
    },
    {
      "linkId": "6",
      "text": "Type of order:",
      "type": "group",
      "item": [
        {
          "linkId": "6.1",
          "text": "Device:",
          "type": "choice",
          "option": [
            {
              "valueCoding": {
                "code": "initial",
                "display": "Initial"
              }
            },
            {
              "valueCoding": {
                "code": "revision",
                "display": "Revision or change in equipment"
              }
            },
            {
              "valueCoding": {
                "code": "replacement",
                "display": "Replacement"
              }
            }
          ]
        },
        {
          "linkId": "6.2",
          "text": "Supplies:",
          "type": "choice",
          "option": [
            {
              "valueCoding": {
                "code": "initial",
                "display": "Initial"
              }
            },
            {
              "valueCoding": {
                "code": "reorder",
                "display": "Reorder"
              }
            },
            {
              "valueCoding": {
                "code": "other",
                "display": "Other"
              }
            }
          ]
        },
        {
          "linkId": "6.3",
          "text": "Other (description):",
          "type": "text"
        }
      ]
    },
    {
      "linkId": "7",
      "type": "group",
      "item": [
        {
          "linkId": "7.1",
          "text": "Device Order (description of device):",
          "type": "text"
        },
        {
          "extension": [
            {
              "url": "http://hl7.org/fhir/StructureDefinition/cqif-calculatedValue",
              "valueString": "\"PositiveAirwayPressureDevicePrepopulation\".PapDeviceRequested"
            }
          ],
          "linkId": "7.2",
          "type": "choice",
          "option": [
            {
              "valueCoding": {
                "code": "E0601",
                "display": "E0601 Continuous Positive Airway Pressure device"
              }
            },
            {
              "valueCoding": {
                "code": "E0470",
                "display": "E0470 Respiratory assist device, bi-level w/o backup"
              }
            }
          ]
        }
      ]
    },
    {
      "linkId": "9",
      "type": "group",
      "item": [
        {
          "linkId": "9.1",
          "text": "Signature:",
          "type": "string"
        },
        {
          "extension": [
            {
              "url": "http://hl7.org/fhir/StructureDefinition/cqif-calculatedValue",
              "valueString": "\"BasicPractitionerInfoPrepopulation\".FullName"
            }
          ],
          "linkId": "9.2",
          "text": "Name (Printed):",
          "type": "string",
          "required": true
        },
        {
          "extension": [
            {
              "url": "http://hl7.org/fhir/StructureDefinition/cqif-calculatedValue",
              "valueString": "\"BasicPractitionerInfoPrepopulation\".Today"
            }
          ],
          "linkId": "9.3",
          "text": "Date (MM/DD/YYYY):",
          "type": "date",
          "required": true
        },
        {
          "extension": [
            {
              "url": "http://hl7.org/fhir/StructureDefinition/cqif-calculatedValue",
              "valueString": "\"BasicPractitionerInfoPrepopulation\".NPI"
            }
          ],
          "linkId": "9.4",
          "text": "NPI:",
          "type": "string",
          "required": true
        }
      ]
    }
  ]
}