{
    "resourceType": "Library",
    "id": "HomeBloodGlucoseMonitorLab-prepopulation",
    "name": "HomeBloodGlucoseMonitorLab-prepopulation",
    "url": "http://hl7.org/fhir/us/davinci-dtr/Library/HomeBloodGlucoseMonitorLab-prepopulation",
    "version": "0.0.1",
    "title": "Blood Glucose Monitor Lab Prepopulation",
    "status": "draft",
    "type": {
      "coding": [
        {
          "code": "logic-library"
        }
      ]
    },
    "relatedArtifact": [
      {
        "type": "depends-on",
        "resource": "Library/FHIRHelpers-4.0.0"
      },
      {
        "type": "depends-on",
        "resource": "Library/CDS_Connect_Commons_for_FHIRv400"
      },
      {
        "type": "depends-on",
        "resource": "Library/DTRHelpers"
      }
    ],
    "dataRequirement": [
      {
        "type": "Condition",
        "codeFilter": [
          {
            "path": "code",
            "valueSet": "http://cts.nlm.nih.gov/fhir/ValueSet/2.16.840.1.113762.1.4.1219.35"
          }
        ]
      },
      {
        "type": "Observation",
        "codeFilter": [
          {
            "path": "code",
            "valueSet": "http://cts.nlm.nih.gov/fhir/ValueSet/2.16.840.1.113762.1.4.1219.94"
          }
        ]
      }
    ],
    "content": [
      {
        "contentType": "application/elm+json",
        "url": "files/HomeBloodGlucoseMonitor/r4/HomeBloodGlucoseMonitorLabPrepopulation-0.0.1.cql"
      }
    ]
  }