{
  "resourceType": "Library",
  "id": "HomeBloodGlucoseMonitorFaceToFace-prepopulation",
  "url": "http://hl7.org/fhir/us/davinci-dtr/Library/HomeBloodGlucoseMonitorFaceToFace-prepopulation",
  "name": "HomeBloodGlucoseMonitorFaceToFace-prepopulation",
  "version": "0.0.1",
  "title": "Blood Glucose Monitor Face To Face Prepopulation",
  "status": "draft",
  "type": {
    "coding": [
      {
        "code": "logic-library"
      }
    ]
  },
  "relatedArtifact": [
    {
      "type": "depends-on",
      "resource": "Library/FHIRHelpers-4.0.0"
    },
    {
      "type": "depends-on",
      "resource": "Library/CDS_Connect_Commons_for_FHIRv400"
    },
    {
      "type": "depends-on",
      "resource": "Library/DTRHelpers"
    }
  ],
  "dataRequirement": [
    {
      "type": "Condition",
      "codeFilter": [
        {
          "path": "code",
          "valueSet": "http://cts.nlm.nih.gov/fhir/ValueSet/2.16.840.1.113762.1.4.1219.35"
        }
      ]
    }, 
    {
      "type": "MedicationValueSet",
      "codeFilter": [
        {
          "path": "code",
          "valueSet": "http://cts.nlm.nih.gov/fhir/ValueSet/2.16.840.1.113762.1.4.1219.85"
        }
      ] 
    },
    {
      "type": "MedicationStatement"
    }
  ],
  "content": [
    {
      "contentType": "application/elm+json",
      "url": "files/HomeBloodGlucoseMonitor/r4/HomeBloodGlucoseMonitorFaceToFacePrepopulation-0.0.1.cql"
    }
  ]
}