{
  "resourceType": "Questionnaire",
  "id": "HomeBloodGlucoseMonitorLab",
  "name": "HomeBloodGlucoseMonitorLab",
  "title": "Blood Glucose Laboratory Test Results",
  "status": "draft",
  "subjectType": [
    "Patient"
  ],
  "date": "2019-11-14",
  "publisher": "Da Vinci DTR",
  "extension": [
    {
      "url": "http://hl7.org/fhir/StructureDefinition/cqf-library",
      "valueCanonical": "http://hl7.org/fhir/us/davinci-dtr/Library/HomeBloodGlucoseMonitorLab-prepopulation"
    },
    {
      "url": "http://hl7.org/fhir/StructureDefinition/cqf-library",
      "valueCanonical": "http://hl7.org/fhir/us/davinci-dtr/Library/BasicClinicalInfo-prepopulation"
    }
  ],
  "item": [
    {
      "linkId": "1",
      "extension": [
        {
          "url": "http://hl7.org/fhir/StructureDefinition/sub-questionnaire",
          "valueCanonical": "questionnaire/patient-info"
        }
      ],
      "type": "display",
      "text": "This is a placeholder for Patient/Beneficiary Demographics"
    },
    {
      "linkId": "2",
      "extension": [
        {
          "url": "http://hl7.org/fhir/StructureDefinition/sub-questionnaire",
          "valueCanonical": "questionnaire/practitioner-info"
        }
      ],
      "type": "display",
      "text": "This is a placeholder for Physician/NPP Demographics"
    },    
    {
      "type": "group",
      "code": [
        {
          "code": "3",
          "display": "Person or entity performing testing"
        }
      ],
      "required": false,
      "linkId": "3",
      "text": "Person or entity performing testing",
      "item": [
        {
          "linkId": "3.1",
          "text": "Name of Laboratory",
          "type": "string",
          "required": false,
          "extension": [
            {
              "url": "http://hl7.org/fhir/uv/sdc/StructureDefinition/sdc-questionnaire-initialExpression",
              "valueExpression": {
                "language": "text/cql",
                "expression": "\"HomeBloodGlucoseMonitorLabPrepopulation\".TestLaboratory"
              }
            }
          ]
        },
        {
          "type": "string",
          "code": [
            {
              "code": "3.2",
              "display": "NPI"
            }
          ],
          "required": false,
          "linkId": "3.2",
          "text": "NPI"
        },
        {
          "linkId": "3.3",
          "text": "Name of tester",
          "type": "string",
          "required": false,
          "extension": [
            {
              "url": "http://hl7.org/fhir/uv/sdc/StructureDefinition/sdc-questionnaire-initialExpression",
              "valueExpression": {
                "language": "text/cql",
                "expression": "\"HomeBloodGlucoseMonitorLabPrepopulation\".Tester"
              }
            }
          ]
        },
        {
          "type": "string",
          "code": [
            {
              "code": "3.4",
              "display": "Tester credentials"
            }
          ],
          "required": false,
          "linkId": "3.4",
          "text": "Tester credentials"
        }
      ]
    },
    {
      "type": "group",
      "code": [
        {
          "code": "4",
          "display": "Test results"
        }
      ],
      "required": false,
      "linkId": "4",
      "text": "Test results",
      "item": [
        {
          "type": "group",
          "code": [
            {
              "code": "4a",
              "display": "Initial test results"
            }
          ],
          "required": false,
          "linkId": "4a",
          "text": "Initial test results",
          "item": [
            {
              "type": "date",
              "extension": [
                {
                  "url": "http://hl7.org/fhir/uv/sdc/StructureDefinition/sdc-questionnaire-initialExpression",
                  "valueExpression": {
                    "language": "text/cql",
                    "expression": "\"HomeBloodGlucoseMonitorLabPrepopulation\".Fasting_Plasma_Glucose_Date"
                  }
                }
              ],
              "required": true,
              "linkId": "4.1",
              "text": "Date of initial test"
            },
            {
              "linkId": "4.2",
              "text": "Fasting plasma glucose level [mg/dl]",
              "type": "decimal",
              "required": true,
              "extension": [
                {
                  "url": "http://hl7.org/fhir/uv/sdc/StructureDefinition/sdc-questionnaire-initialExpression",
                  "valueExpression": {
                    "language": "text/cql",
                    "expression": "\"HomeBloodGlucoseMonitorLabPrepopulation\".Fasting_Plasma_Glucose_Level"
                  }
                },
                {
                  "url": "http://hl7.org/fhir/StructureDefinition/questionnaire-unit",
                  "valueCoding": {
                    "code": "mg/dL",
                    "system": "http://unitsofmeasure.org"
                  }
                }
              ]
            },
            {
              "type": "decimal",
              "extension": [
                {
                  "url": "http://hl7.org/fhir/uv/sdc/StructureDefinition/sdc-questionnaire-initialExpression",
                  "valueExpression": {
                    "language": "text/cql",
                    "expression": "\"HomeBloodGlucoseMonitorLabPrepopulation\".Random_Plasma_Glucose_Level"
                  }
                },
                {
                  "url": "http://hl7.org/fhir/StructureDefinition/questionnaire-unit",
                  "valueCoding": {
                    "code": "mg/dL",
                    "system": "http://unitsofmeasure.org"
                  }
                }
              ],
              "required": true,
              "linkId": "4.3",
              "text": "Random plasma glucose level [mg/dl]"
            },
            {
              "type": "decimal",
              "extension": [
                {
                  "url": "http://hl7.org/fhir/uv/sdc/StructureDefinition/sdc-questionnaire-initialExpression",
                  "valueExpression": {
                    "language": "text/cql",
                    "expression": "\"HomeBloodGlucoseMonitorLabPrepopulation\".Two_hour_Glucose_Tolerance_Level"
                  }
                },
                {
                  "url": "http://hl7.org/fhir/StructureDefinition/questionnaire-unit",
                  "valueCoding": {
                    "code": "mg/dL",
                    "system": "http://unitsofmeasure.org"
                  }
                }
              ],
              "required": true,
              "linkId": "4.4",
              "text": "Two-hour oral glucose tolerance test, plasma glucose level [mg/dl]"
            },
            {
              "type": "decimal",
              "extension": [
                {
                  "url": "http://hl7.org/fhir/uv/sdc/StructureDefinition/sdc-questionnaire-initialExpression",
                  "valueExpression": {
                    "language": "text/cql",
                    "expression": "\"HomeBloodGlucoseMonitorLabPrepopulation\".A1c_Level"
                  }
                },
                {
                  "url": "http://hl7.org/fhir/StructureDefinition/questionnaire-unit",
                  "valueCoding": {
                    "code": "%",
                    "system": "http://unitsofmeasure.org"
                  }
                }
              ],
              "required": true,
              "linkId": "4.5",
              "text": "A1c level [%]"
            }
          ]
        },
        {
          "type": "group",
          "code": [
            {
              "code": "4b",
              "display": "Confirmatory test results"
            }
          ],
          "required": false,
          "linkId": "4b",
          "text": "Confirmatory test results",
          "item": [
            {
              "type": "date",
              "extension": [
                {
                  "url": "http://hl7.org/fhir/uv/sdc/StructureDefinition/sdc-questionnaire-initialExpression",
                  "valueExpression": {
                    "language": "text/cql",
                    "expression": "\"HomeBloodGlucoseMonitorLabPrepopulation\".Confirmed_Fasting_Plasma_Glucose_Date"
                  }
                }
              ],
              "required": true,
              "linkId": "4.6",
              "text": "Date of test"
            },
            {
              "linkId": "4.7",
              "text": "Fasting plasma glucose level [mg/dl]",
              "type": "decimal",
              "required": true,
              "extension": [
                {
                  "url": "http://hl7.org/fhir/uv/sdc/StructureDefinition/sdc-questionnaire-initialExpression",
                  "valueExpression": {
                    "language": "text/cql",
                    "expression": "\"HomeBloodGlucoseMonitorLabPrepopulation\".Confirmed_Fasting_Plasma_Glucose_Level"
                  }
                },
                {
                  "url": "http://hl7.org/fhir/StructureDefinition/questionnaire-unit",
                  "valueCoding": {
                    "code": "mg/dL",
                    "system": "http://unitsofmeasure.org"
                  }
                }
              ]
            },
            {
              "type": "decimal",
              "extension": [
                {
                  "url": "http://hl7.org/fhir/uv/sdc/StructureDefinition/sdc-questionnaire-initialExpression",
                  "valueExpression": {
                    "language": "text/cql",
                    "expression": "\"HomeBloodGlucoseMonitorLabPrepopulation\".Confirmed_Random_Plasma_Glucose_Level"
                  }
                },
                {
                  "url": "http://hl7.org/fhir/StructureDefinition/questionnaire-unit",
                  "valueCoding": {
                    "code": "mg/dL",
                    "system": "http://unitsofmeasure.org"
                  }
                }
              ],
              "required": true,
              "linkId": "4.8",
              "text": "Random plasma glucose level [mg/dl]"
            },
            {
              "type": "decimal",
              "extension": [
                {
                  "url": "http://hl7.org/fhir/uv/sdc/StructureDefinition/sdc-questionnaire-initialExpression",
                  "valueExpression": {
                    "language": "text/cql",
                    "expression": "\"HomeBloodGlucoseMonitorLabPrepopulation\".Confirmed_Two_hour_Glucose_Tolerance_Level"
                  }
                },
                {
                  "url": "http://hl7.org/fhir/StructureDefinition/questionnaire-unit",
                  "valueCoding": {
                    "code": "mg/dL",
                    "system": "http://unitsofmeasure.org"
                  }
                }
              ],
              "required": true,
              "linkId": "4.9",
              "text": "Two-hour oral glucose tolerance test, plasma glucose level [mg/dl]"
            },
            {
              "type": "decimal",
              "extension": [
                {
                  "url": "http://hl7.org/fhir/uv/sdc/StructureDefinition/sdc-questionnaire-initialExpression",
                  "valueExpression": {
                    "language": "text/cql",
                    "expression": "\"HomeBloodGlucoseMonitorLabPrepopulation\".Confirmed_A1c_Level"
                  }
                },
                {
                  "url": "http://hl7.org/fhir/StructureDefinition/questionnaire-unit",
                  "valueCoding": {
                    "code": "%",
                    "system": "http://unitsofmeasure.org"
                  }
                }
              ],
              "required": true,
              "linkId": "4.10",
              "text": "A1c level [%]"
            }
          ]
        }
      ]
    },
    {
      "linkId": "5",
      "extension": [
        {
          "url": "http://hl7.org/fhir/StructureDefinition/sub-questionnaire",
          "valueCanonical": "questionnaire/provider-signature"
        }
      ],
      "type": "display",
      "text": "This is a placeholder for Provider Signature"
    }
  ]
}