{
  "resourceType": "Library",
  "id": "BasicPatientInfo-prepopulation",
  "url": "http://hl7.org/fhir/us/davinci-dtr/Library/BasicPatientInfo-prepopulation",
  "name": "BasicPatientInfo-prepopulation",
  "version": "0.2.0",
  "title": "Basic Patient Info FHIR R4",
  "status": "draft",
  "type": {
    "coding": [
      {
        "code": "logic-library"
      }
    ]
  },
  "relatedArtifact": [
    {
      "type": "depends-on",
      "resource": "Library/FHIRHelpers-4.0.0"
    }
  ],
  "dataRequirement": [
    { "type": "Coverage" }
  ],
  "content": [
    {
      "contentType": "application/elm+json",
      "url": "files/Shared/r4/BasicPatientInfoPrepopulation-0.2.0.cql"
    }
  ]
}