{
    "resourceType": "Library",
    "id": "DTRHelpers",
    "url": "http://hl7.org/fhir/us/davinci-dtr/Library/BasicRulesetFunctions-prepopulation",
    "name": "DTRHelpers",
    "version": "0.1.0",
    "title": "DTR Shared Functions",
    "status": "draft",
    "type": {
      "coding": [
        {
          "code": "logic-library"
        }
      ]
    },
    "relatedArtifact": [
      {
        "type": "depends-on",
        "resource": "Library/FHIRHelpers-4.0.0"
      }
    ],
    "content": [
      {
        "contentType": "application/elm+json",
        "url": "files/Shared/r4/DTRHelpers-0.1.0.cql"
      }
    ]
  }