{
  "resourceType": "Library",
  "id": "BasicPractitionerInfo-prepopulation",
  "url": "http://hl7.org/fhir/us/davinci-dtr/Library/BasicPractitionerInfo-prepopulation",
  "name": "BasicPractitionerInfo-prepopulation",
  "version": "0.1.0",
  "title": "Basic Practitioner Info",
  "status": "draft",
  "type": {
    "coding": [
      {
        "code": "logic-library"
      }
    ]
  },
  "relatedArtifact": [
    {
      "type": "depends-on",
      "resource": "Library/FHIRHelpers-4.0.0"
    }
  ],
  "dataRequirement": [
    { "type": "Practitioner" }
  ],
  "content": [
    {
      "contentType": "application/elm+json",
      "url": "files/Shared/r4/BasicPractitionerInfoPrepopulation-0.1.0.cql"
    }
  ]
}