{
  "resourceType": "Questionnaire",
  "id": "vital-signs",
  "meta": {
    "profile": [
      "http://hl7.org/fhir/StructureDefinition/cqf-questionnaire",
      "http://hl7.org/fhir/us/davinci-dtr/StructureDefinition/dtr-questionnaire-r4"
    ]
  },
  "name": "Vital Signs",
  "status": "draft",
  "extension": [
    {
      "url": "http://hl7.org/fhir/StructureDefinition/variable",
      "valueExpression": {
        "name": "weight",
        "language": "text/fhirpath",
        "expression": "%resource.repeat(item).where(linkId='VS.14').answer.valueDecimal"
      }
    },
    {
      "url": "http://hl7.org/fhir/StructureDefinition/variable",
      "valueExpression": {
        "name": "height",
        "language": "text/fhirpath",
        "expression": "%resource.repeat(item).where(linkId='VS.11').answer.valueDecimal*0.0254"
      }
    },
    {
      "url": "http://hl7.org/fhir/StructureDefinition/variable",
      "valueExpression": {
        "name": "systolic",
        "language": "text/fhirpath",
        "expression": "%resource.repeat(item).where(linkId='VS.16.1').answer.valueDecimal"
      }
    },
    {
      "url": "http://hl7.org/fhir/StructureDefinition/variable",
      "valueExpression": {
        "name": "diastolic",
        "language": "text/fhirpath",
        "expression": "%resource.repeat(item).where(linkId='VS.16.2').answer.valueDecimal"
      }
    }
  ],
  "item": [
    {
      "linkId": "OBJ.VS",
      "code": [
        {
          "code": "85353-1",
          "display": "Vital Signs",
          "system": "http://loinc.org"
        }
      ],
      "type": "group",
      "text": "Vital Signs",
      "item": [
        {
          "extension": [
            {
              "url": "http://hl7.org/fhir/StructureDefinition/questionnaire-unit",
              "valueCoding": {
                "display": "{breaths}/min"
              }
            }
          ],
          "linkId": "VS.1",
          "code": [
            {
              "code": "9279-1",
              "display": "Respiration rate",
              "system": "http://loinc.org/modified"
            }
          ],
          "type": "decimal",
          "text": "Respiration rate"
        },
        {
          "extension": [
            {
              "url": "http://hl7.org/fhir/StructureDefinition/questionnaire-unit",
              "valueCoding": {
                "display": "{beats}/min"
              }
            }
          ],
          "linkId": "VS.2",
          "code": [
            {
              "code": "8867-4",
              "display": "Heart rate",
              "system": "http://loinc.org"
            }
          ],
          "type": "decimal",
          "text": "Heart rate"
        },
        {
          "linkId": "VS.3",
          "code": [
            {
              "code": "8361-8",
              "display": "Body position with respect to gravity",
              "system": "http://loinc.org"
            }
          ],
          "type": "choice",
          "text": "Body position with respect to gravity",
          "answerOption": [
            {
              "valueCoding": {
                "code": "LA11868-9",
                "display": "Sitting"
              }
            },
            {
              "valueCoding": {
                "code": "LA11869-7",
                "display": "Lying"
              }
            },
            {
              "valueCoding": {
                "code": "LA11870-5",
                "display": "Standing"
              }
            }
          ]
        },
        {
          "linkId": "VS.4",
          "code": [
            {
              "code": "8887-2",
              "display": "Heart Rate Device Class",
              "system": "http://loinc.org"
            }
          ],
          "type": "string",
          "text": "Heart Rate Device Class"
        },
        {
          "extension": [
            {
              "url": "http://hl7.org/fhir/StructureDefinition/questionnaire-unit",
              "valueCoding": {
                "display": "%"
              }
            }
          ],
          "linkId": "VS.5",
          "code": [
            {
              "code": "59408-5",
              "display": "SaO2 % Arterial Blood Pulse Oximetry",
              "system": "http://loinc.org"
            }
          ],
          "type": "decimal",
          "text": "SaO2 % Arterial Blood Pulse Oximetry"
        },
        {
          "linkId": "VS.6",
          "code": [
            {
              "code": "3151-8",
              "display": "Inhaled O2 flow rate",
              "system": "http://loinc.org"
            }
          ],
          "type": "choice",
          "text": "Inhaled O2 flow rate",
          "answerOption": [
            {
              "valueCoding": {
                "code": "LA11849-9",
                "display": "Room air"
              }
            },
            {
              "valueCoding": {
                "code": "LA11850-7",
                "display": "1 liter/min"
              }
            },
            {
              "valueCoding": {
                "code": "LA11851-5",
                "display": "2 liters/min"
              }
            },
            {
              "valueCoding": {
                "code": "LA11852-3",
                "display": "3 liters/min"
              }
            },
            {
              "valueCoding": {
                "code": "LA11853-1",
                "display": "4 liters/min"
              }
            },
            {
              "valueCoding": {
                "code": "LA11854-9",
                "display": "5 liters/min"
              }
            },
            {
              "valueCoding": {
                "code": "LA11855-6",
                "display": "6 liters/min"
              }
            }
          ],
          "item": [
            {
              "extension": [
                {
                  "url": "http://hl7.org/fhir/StructureDefinition/questionnaire-itemControl",
                  "valueCodeableConcept": {
                    "text": "Help-Button",
                    "coding": [
                      {
                        "code": "help",
                        "display": "Help-Button",
                        "system": "http://hl7.org/fhir/questionnaire-item-control"
                      }
                    ]
                  }
                }
              ],
              "linkId": "VS.6.1",
              "type": "display",
              "text": "Liters per minute of oxygen used for masks that have a volume per minute"
            }
          ]
        },
        {
          "extension": [
            {
              "url": "http://hl7.org/fhir/StructureDefinition/questionnaire-unit",
              "valueCoding": {
                "display": "Cel"
              }
            }
          ],
          "linkId": "VS.7",
          "code": [
            {
              "code": "8310-5",
              "display": "Body temperature",
              "system": "http://loinc.org"
            }
          ],
          "type": "decimal",
          "text": "Body temperature"
        },
        {
          "linkId": "VS.8",
          "code": [
            {
              "code": "8327-9",
              "display": "Body temperature measurement site",
              "system": "http://loinc.org"
            }
          ],
          "type": "choice",
          "text": "Body temperature measurement site",
          "answerOption": [
            {
              "valueCoding": {
                "code": "LA9370-3",
                "display": "Axillary"
              }
            },
            {
              "valueCoding": {
                "code": "LA9367-9",
                "display": "Oral"
              }
            },
            {
              "valueCoding": {
                "code": "LA21929-7",
                "display": "Ear"
              }
            },
            {
              "valueCoding": {
                "code": "LA9368-7",
                "display": "Tympanic membrane"
              }
            },
            {
              "valueCoding": {
                "code": "LA21928-9",
                "display": "Temporal artery (forehead)"
              }
            },
            {
              "valueCoding": {
                "code": "LA9369-5",
                "display": "Rectal"
              }
            },
            {
              "valueCoding": {
                "code": "LA9371-1",
                "display": "Urinary bladder"
              }
            },
            {
              "valueCoding": {
                "code": "LA9263-0",
                "display": "Nasal"
              }
            },
            {
              "valueCoding": {
                "code": "LA18005-1",
                "display": "Nasopharyngeal"
              }
            },
            {
              "valueCoding": {
                "code": "LA11862-2",
                "display": "Finger"
              }
            },
            {
              "valueCoding": {
                "code": "LA21930-5",
                "display": "Toe"
              }
            }
          ]
        },
        {
          "linkId": "VS.9",
          "code": [
            {
              "code": "8326-1",
              "display": "Body temperature device class",
              "system": "http://loinc.org"
            }
          ],
          "type": "choice",
          "text": "Body temperature device class",
          "answerOption": [
            {
              "valueCoding": {
                "code": "LA24040-0",
                "display": "Digital thermometer"
              }
            },
            {
              "valueCoding": {
                "code": "LA24043-4",
                "display": "Liquid-crystal temperature-sensitive strip"
              }
            },
            {
              "valueCoding": {
                "code": "LA24038-4",
                "display": "Mercury thermometer"
              }
            },
            {
              "valueCoding": {
                "code": "LA24037-6",
                "display": "Non-contact infrared thermometer (NCIT)"
              }
            },
            {
              "valueCoding": {
                "code": "LA24042-6",
                "display": "Temporal artery infrared thermometer"
              }
            },
            {
              "valueCoding": {
                "code": "LA24039-2",
                "display": "Thermal scanner camera"
              }
            },
            {
              "valueCoding": {
                "code": "LA24041-8",
                "display": "Tympanic infrared thermometer"
              }
            }
          ]
        },
        {
          "linkId": "VS.10",
          "code": [
            {
              "code": "8352-7",
              "display": "Clothing worn during measure",
              "system": "http://loinc.org"
            }
          ],
          "type": "choice",
          "text": "Clothing worn during measure",
          "answerOption": [
            {
              "valueCoding": {
                "code": "LA11871-3",
                "display": "Underwear or less"
              }
            },
            {
              "valueCoding": {
                "code": "LA11872-1",
                "display": "Street clothes, no shoes"
              }
            },
            {
              "valueCoding": {
                "code": "LA11873-9",
                "display": "Street clothes & shoes"
              }
            }
          ]
        },
        {
          "extension": [
            {
              "url": "http://hl7.org/fhir/StructureDefinition/questionnaire-unit",
              "valueCoding": {
                "display": "[in_i]"
              }
            }
          ],
          "linkId": "VS.11",
          "code": [
            {
              "code": "8302-2",
              "display": "Body height",
              "system": "http://loinc.org"
            }
          ],
          "type": "decimal",
          "text": "Body height"
        },
        {
          "extension": [
            {
              "url": "http://hl7.org/fhir/StructureDefinition/questionnaire-unitOption",
              "valueCoding": {
                "display": "[in_us]"
              }
            },
            {
              "url": "http://hl7.org/fhir/StructureDefinition/questionnaire-unitOption",
              "valueCoding": {
                "display": "cm"
              }
            }
          ],
          "linkId": "VS.12",
          "code": [
            {
              "code": "8306-3",
              "display": "Body height lying",
              "system": "http://loinc.org"
            }
          ],
          "type": "quantity",
          "text": "Body height lying"
        },
        {
          "extension": [
            {
              "url": "http://hl7.org/fhir/StructureDefinition/questionnaire-unit",
              "valueCoding": {
                "display": "cm"
              }
            }
          ],
          "linkId": "VS.13",
          "code": [
            {
              "code": "8287-5",
              "display": "Head circumference occipital frontal by tape measure",
              "system": "http://loinc.org"
            }
          ],
          "type": "decimal",
          "text": "Head circumference occipital frontal by tape measure"
        },
        {
          "extension": [
            {
              "url": "http://hl7.org/fhir/StructureDefinition/questionnaire-unit",
              "valueCoding": {
                "display": "kg"
              }
            }
          ],
          "linkId": "VS.14",
          "code": [
            {
              "code": "29463-7",
              "display": "Body weight",
              "system": "http://loinc.org"
            }
          ],
          "type": "decimal",
          "text": "Body weight"
        },
        {
          "extension": [
            {
              "url": "http://hl7.org/fhir/StructureDefinition/questionnaire-unit",
              "valueCoding": {
                "display": "kg/m2"
              }
            },
            {
              "url": "http://hl7.org/fhir/uv/sdc/StructureDefinition/sdc-questionnaire-calculatedExpression",
              "valueExpression": {
                "description": "BMI calculation",
                "language": "text/fhirpath",
                "expression": "(%weight/%height/%height).round(1)"
              }
            }
          ],
          "linkId": "VS.15",
          "code": [
            {
              "code": "39156-5",
              "display": "BMI",
              "system": "http://loinc.org"
            }
          ],
          "type": "decimal",
          "text": "BMI"
        },
        {
          "linkId": "VS.16",
          "code": [
            {
              "code": "85354-9",
              "display": "Blood Pressure",
              "system": "http://loinc.org"
            }
          ],
          "type": "group",
          "text": "Blood Pressure",
          "item": [
            {
              "extension": [
                {
                  "url": "http://hl7.org/fhir/StructureDefinition/questionnaire-unit",
                  "valueCoding": {
                    "display": "mm[Hg]"
                  }
                }
              ],
              "linkId": "VS.16.1",
              "code": [
                {
                  "code": "8480-6",
                  "display": "Systolic",
                  "system": "http://loinc.org"
                }
              ],
              "type": "decimal",
              "text": "Systolic"
            },
            {
              "extension": [
                {
                  "url": "http://hl7.org/fhir/StructureDefinition/questionnaire-unit",
                  "valueCoding": {
                    "display": "mm[Hg]"
                  }
                }
              ],
              "linkId": "VS.16.2",
              "code": [
                {
                  "code": "8462-4",
                  "display": "Diastolic",
                  "system": "http://loinc.org"
                }
              ],
              "type": "decimal",
              "text": "Diastolic"
            },
            {
              "extension": [
                {
                  "url": "http://hl7.org/fhir/StructureDefinition/questionnaire-unit",
                  "valueCoding": {
                    "display": "mm[Hg]"
                  }
                },
                {
                  "url": "http://hl7.org/fhir/uv/sdc/StructureDefinition/sdc-questionnaire-calculatedExpression",
                  "valueExpression": {
                    "description": "Mean arterial calculation",
                    "language": "text/fhirpath",
                    "expression": "((%systolic+2*(%diastolic))/3).round(0)"
                  }
                }
              ],
              "linkId": "VS.16.3",
              "code": [
                {
                  "code": "8478-0",
                  "display": "Mean",
                  "system": "http://loinc.org"
                }
              ],
              "type": "decimal",
              "text": "Mean"
            },
            {
              "linkId": "VS.1.4",
              "code": [
                {
                  "code": "8357-6",
                  "display": "Method",
                  "system": "http://loinc.org"
                }
              ],
              "type": "choice",
              "text": "Method",
              "answerOption": [
                {
                  "valueCoding": {
                    "code": "LA24013-7",
                    "display": "Auscultation - automatic"
                  }
                },
                {
                  "valueCoding": {
                    "code": "LA24012-9",
                    "display": "Auscultation - manual"
                  }
                },
                {
                  "valueCoding": {
                    "code": "LA24014-5",
                    "display": "Oscillometry"
                  }
                },
                {
                  "valueCoding": {
                    "code": "LA24016-0",
                    "display": "Continuous noninvasive arterial pressure (CNAP)"
                  }
                },
                {
                  "valueCoding": {
                    "code": "LA24015-2",
                    "display": "Invasive (intravascular transducer)"
                  }
                },
                {
                  "extension": [
                    {
                      "url": "http://hl7.org/fhir/StructureDefinition/questionnaire-optionPrefix",
                      "valueString": "3308001"
                    }
                  ],
                  "valueCoding": {
                    "code": "LA25780-0",
                    "display": "Arterial line"
                  }
                },
                {
                  "extension": [
                    {
                      "url": "http://hl7.org/fhir/StructureDefinition/questionnaire-optionPrefix",
                      "valueString": "3308003"
                    }
                  ],
                  "valueCoding": {
                    "code": "LA19771-7",
                    "display": "Doppler"
                  }
                },
                {
                  "extension": [
                    {
                      "url": "http://hl7.org/fhir/StructureDefinition/questionnaire-optionPrefix",
                      "valueString": "3308009"
                    }
                  ],
                  "valueCoding": {
                    "code": "LA25782-6",
                    "display": "Cuff-manual palpated only"
                  }
                },
                {
                  "extension": [
                    {
                      "url": "http://hl7.org/fhir/StructureDefinition/questionnaire-optionPrefix",
                      "valueString": "3308011"
                    }
                  ],
                  "valueCoding": {
                    "code": "LA25783-4",
                    "display": "Venous line"
                  }
                }
              ]
            },
            {
              "linkId": "VS.16.5",
              "code": [
                {
                  "code": "41904-4",
                  "display": "Measurement site",
                  "system": "http://loinc.org"
                }
              ],
              "type": "choice",
              "text": "Measurement site",
              "answerOption": [
                {
                  "valueCoding": {
                    "code": "LA11158-5",
                    "display": "Biceps left"
                  }
                },
                {
                  "valueCoding": {
                    "code": "LA11159-3",
                    "display": "Biceps right"
                  }
                },
                {
                  "valueCoding": {
                    "code": "LA11160-1",
                    "display": "Wrist left"
                  }
                },
                {
                  "valueCoding": {
                    "code": "LA11161-9",
                    "display": "Wrist right"
                  }
                },
                {
                  "valueCoding": {
                    "code": "LA21901-6",
                    "display": "Thigh left"
                  }
                },
                {
                  "valueCoding": {
                    "code": "LA21900-8",
                    "display": "Thigh right"
                  }
                },
                {
                  "valueCoding": {
                    "code": "LA21903-2",
                    "display": "Ankle left"
                  }
                },
                {
                  "valueCoding": {
                    "code": "LA21902-4",
                    "display": "Ankle right"
                  }
                },
                {
                  "valueCoding": {
                    "code": "LA11862-2",
                    "display": "Finger"
                  }
                }
              ]
            },
            {
              "linkId": "VS.16.6",
              "code": [
                {
                  "code": "8358-4",
                  "display": "Device cuff size",
                  "system": "http://loinc.org"
                }
              ],
              "type": "choice",
              "text": "Device cuff size",
              "answerOption": [
                {
                  "valueCoding": {
                    "code": "LA11162-7",
                    "display": "Adult standard"
                  }
                },
                {
                  "valueCoding": {
                    "code": "LA11163-5",
                    "display": "Adult large"
                  }
                },
                {
                  "valueCoding": {
                    "code": "LA11164-3",
                    "display": "Thigh extra large"
                  }
                }
              ]
            },
            {
              "linkId": "VS.16.7",
              "code": [
                {
                  "code": "41901-0",
                  "display": "Device class",
                  "system": "http://loinc.org"
                }
              ],
              "type": "choice",
              "text": "Device class",
              "answerOption": [
                {
                  "valueCoding": {
                    "code": "LA24017-8",
                    "display": "Mercury sphygmomanometer"
                  }
                },
                {
                  "valueCoding": {
                    "code": "LA24018-6",
                    "display": "Aneroid (mechanical) sphygmomanometer"
                  }
                },
                {
                  "valueCoding": {
                    "code": "LA24019-4",
                    "display": "Ambulatory oscillometric device"
                  }
                },
                {
                  "valueCoding": {
                    "code": "LA24020-2",
                    "display": "Home oscillometric device"
                  }
                },
                {
                  "valueCoding": {
                    "code": "LA24021-0",
                    "display": "Continuous noninvasive arterial pressure (CNAP) device"
                  }
                },
                {
                  "valueCoding": {
                    "code": "LA24022-8",
                    "display": "Invasive arterial blood pressure device"
                  }
                }
              ]
            }
          ]
        },
        {
          "extension": [
            {
              "url": "http://hl7.org/fhir/StructureDefinition/questionnaire-itemControl",
              "valueCodeableConcept": {
                "text": "Help-Button",
                "coding": [
                  {
                    "code": "help",
                    "display": "Help-Button",
                    "system": "http://hl7.org/fhir/questionnaire-item-control"
                  }
                ]
              }
            }
          ],
          "linkId": "VS.17",
          "type": "display",
          "text": "This term was created for, but is not limited in use to, the HL7 FHIR Vital Signs Profile (http://build.fhir.org/observation-vitalsigns.html). This collection includes the standard vital sign measurements (heart and respiratory rate, blood pressure and body temperature) along with measurements for oxygen saturation, height, weight, head circumference, and body mass index (BMI). All measurements are optional in this panel."
        }
      ]
    }
  ]
}