{
  "resourceType": "Questionnaire",
  "id": "practitioner-info",
  "name": "Practitioner Module",
  "meta": {
    "profile": [
      "http://hl7.org/fhir/StructureDefinition/cqf-questionnaire",
      "http://hl7.org/fhir/us/davinci-dtr/StructureDefinition/dtr-questionnaire-r4"
    ]
  },
  "extension": [
    {
      "url": "http://hl7.org/fhir/StructureDefinition/cqf-library",
      "valueCanonical": "http://hl7.org/fhir/us/davinci-dtr/Library/BasicClinicalInfo-prepopulation"
    }
  ],
  "status": "draft",
  "item": [
    {
      "extension": [
        {
          "url": "http://hl7.org/fhir/StructureDefinition/questionnaire-itemControl",
          "valueCodeableConcept": {
            "coding": [
              {
                "system": "http://hl7.org/fhir/questionnaire-item-control",
                "code": "gtable"
              }
            ]
          }
        }
      ],
      "linkId": "PND",
      "text": "Provider who performed the in-person evaluation",
      "type": "group",
      "item": [
        {
          "linkId": "PND.1",
          "extension": [
            {
              "url": "http://hl7.org/fhir/uv/sdc/StructureDefinition/sdc-questionnaire-initialExpression",
              "valueExpression": {
                "language": "text/cql",
                "expression": "\"BasicClinicalInfoPrepopulation\".EncounterProviderLastName"
              }
            },
            {
               "url" : "http://hl7.org/fhir/StructureDefinition/minLength",
               "valueInteger": 2
            }
          ],
          "text": "Last Name",
          "type": "string",
          "maxLength": 26
        },
        {
          "linkId": "PND.2",
          "extension": [
            {
              "url": "http://hl7.org/fhir/uv/sdc/StructureDefinition/sdc-questionnaire-initialExpression",
              "valueExpression": {
                "language": "text/cql",
                "expression": "\"BasicClinicalInfoPrepopulation\".EncounterProviderFirstName"
              }
            },
            {
               "url" : "http://hl7.org/fhir/StructureDefinition/minLength",
               "valueInteger": 2
            }
          ],
          "text": "First Name",
          "type": "string",
          "maxLength": 26
        },
        {
          "linkId": "PND.3",
          "extension": [
            {
              "url": "http://hl7.org/fhir/uv/sdc/StructureDefinition/sdc-questionnaire-initialExpression",
              "valueExpression": {
                "language": "text/cql",
                "expression": "\"BasicClinicalInfoPrepopulation\".EncounterProviderMiddleInitial"
              }
            }
          ],
          "text": "Middle Initial",
          "type": "string"
        },
        {
          "linkId": "PND.4",
          "extension": [
            {
              "url": "http://hl7.org/fhir/uv/sdc/StructureDefinition/sdc-questionnaire-initialExpression",
              "valueExpression": {
                "language": "text/cql",
                "expression": "\"BasicClinicalInfoPrepopulation\".EncounterProviderNPI"
              }
            }
          ],
          "text": "NPI",
          "type": "string"
        },
        {
          "linkId": "PND.5",
          "text": "Date of F2F encounter",
          "type": "date",
          "required": true,
          "extension": [
            {
              "url": "http://hl7.org/fhir/uv/sdc/StructureDefinition/sdc-questionnaire-initialExpression",
              "valueExpression": {
                "language": "text/cql",
                "expression": "\"BasicClinicalInfoPrepopulation\".RequestEncounterDate"
              }
            }
          ]
        }
      ]
    }
  ]
}
