{
  "resourceType": "Questionnaire",
  "id": "patient-info",
  "name": "Patient Module",
  "meta": {
    "profile": [
      "http://hl7.org/fhir/StructureDefinition/cqf-questionnaire",
      "http://hl7.org/fhir/us/davinci-dtr/StructureDefinition/dtr-questionnaire-r4"
    ]
  },
  "extension": [
    {
      "url": "http://hl7.org/fhir/StructureDefinition/cqf-library",
      "valueCanonical": "http://hl7.org/fhir/us/davinci-dtr/Library/BasicPatientInfo-prepopulation"
    }
  ],
  "status": "draft",
  "item": [
    {
      "extension": [
        {
          "url": "http://hl7.org/fhir/StructureDefinition/questionnaire-itemControl",
          "valueCodeableConcept": {
            "coding": [
              {
                "system": "http://hl7.org/fhir/questionnaire-item-control",
                "code": "gtable"
              }
            ]
          }
        }
      ],
      "linkId": "PBD",
      "type": "group",
      "text": "Patient Information",
      "item": [
        {
          "linkId": "PBD.1",
          "extension": [
            {
              "url": "http://hl7.org/fhir/uv/sdc/StructureDefinition/sdc-questionnaire-initialExpression",
              "valueExpression": {
                "language": "text/cql",
                "expression": "\"BasicPatientInfoPrepopulation\".LastName"
              }
            }
          ],
          "text": "Last Name:",
          "type": "string",
          "required": true
        },
        {
          "linkId": "PBD.2",
          "extension": [
            {
              "url": "http://hl7.org/fhir/uv/sdc/StructureDefinition/sdc-questionnaire-initialExpression",
              "valueExpression": {
                "language": "text/cql",
                "expression": "\"BasicPatientInfoPrepopulation\".FirstName"
              }
            }
          ],
          "text": "First Name:",
          "type": "string",
          "required": true
        },
        {
          "linkId": "PBD.3",
          "extension": [
            {
              "url": "http://hl7.org/fhir/uv/sdc/StructureDefinition/sdc-questionnaire-initialExpression",
              "valueExpression": {
                "language": "text/cql",
                "expression": "\"BasicPatientInfoPrepopulation\".MiddleInitial"
              }
            }
          ],
          "text": "Middle Initial:",
          "type": "string", 
          "required": true
        },
        {
          "linkId": "PBD.4",
          "extension": [
            {
              "url": "http://hl7.org/fhir/uv/sdc/StructureDefinition/sdc-questionnaire-initialExpression",
              "valueExpression": {
                "language": "text/cql",
                "expression": "\"BasicPatientInfoPrepopulation\".DateOfBirth"
              }
            }
          ],
          "text": "Date of Birth:",
          "type": "date",
          "required": true
        },
        {
          "linkId": "PBD.5",
          "extension": [
            {
              "url": "http://hl7.org/fhir/uv/sdc/StructureDefinition/sdc-questionnaire-initialExpression",
              "valueExpression": {
                "language": "text/cql",
                "expression": "\"BasicPatientInfoPrepopulation\".Gender"
              }
            }
          ],
          "text": "Gender",
          "type": "choice",
          "answerValueSet": "http://hl7.org/fhir/ValueSet/administrative-gender"
        },
        {
          "linkId": "PBD.6",
          "extension": [
            {
              "url": "http://hl7.org/fhir/uv/sdc/StructureDefinition/sdc-questionnaire-initialExpression",
              "valueExpression": {
                "language": "text/cql",
                "expression": "\"BasicPatientInfoPrepopulation\".MedicareId"
              }
            }
          ],
          "text": "Medicare ID:",
          "type": "string",
          "required": true
        }
      ]
    }
  ]
}
