{
    "topic": "ImmunosuppressiveDrugs",
    "payers": [
        "cms"
    ],
    "mappings": [
        {
            "codeSystem": "hcpcs",
            "codes": [
                "J7500",
                "J7501",
                "J0485",
                "J7513",
                "J7527",
                "J7504",
                "J7511",
                "J8610",
                "J7505",
                "J7517",
                "J7518",
                "J7520",
                "J7503",
                "J7507",
                "J7508",
                "J7525",
                "J7599",
                "J2920",
                "J2930",
                "J7509",
                "J7510",
                "J7512"
            ]
        }
    ],
    "fhirVersions": [
        "R4"
    ]
}
