{
  "resourceType": "Library",
  "id": "HomeHealthServices-prepopulation",
  "url": "http://hl7.org/fhir/us/davinci-dtr/Library/HomeHealthServices-prepopulation",
  "name": "HomeHealthServices-prepopulation",
  "version": "0.0.1",
  "title": "Home Health Services Prepopulation",
  "status": "draft",
  "type": {
    "coding": [
      {
        "code": "logic-library"
      }
    ]
  },
  "relatedArtifact": [
    {
      "type": "depends-on",
      "resource": "Library/FHIRHelpers-4.0.0"
    },
    {
      "type": "depends-on",
      "resource": "Library/CDS_Connect_Commons_for_FHIRv400"
    },
    {
      "type": "depends-on",
      "resource": "Library/DTRHelpers"
    }
  ],
  "dataRequirement": [
    {
      "type": "ObservationValueSet",
      "codeFilter": [
        {
          "path": "code",
          "valueSet": "http://cts.nlm.nih.gov/fhir/ValueSet/2.16.840.1.113762.1.4.1219.105"
        }
      ]
    },
    {
      "type": "ObservationValueSet",
      "codeFilter": [
        {
          "path": "code",
          "valueSet": "http://cts.nlm.nih.gov/fhir/ValueSet/2.16.840.1.113762.1.4.1219.99"
        }
      ]
    },
    {
      "type": "ObservationValueSet",
      "codeFilter": [
        {
          "path": "code",
          "valueSet": "http://cts.nlm.nih.gov/fhir/ValueSet/2.16.840.1.113762.1.4.1219.101"
        }
      ]
    },
    {
      "type": "ObservationValueSet",
      "codeFilter": [
        {
          "path": "code",
          "valueSet": "http://cts.nlm.nih.gov/fhir/ValueSet/2.16.840.1.113762.1.4.1219.103"
        }
      ]
    },
    {
      "type": "ObservationValueSet",
      "codeFilter": [
        {
          "path": "code",
          "valueSet": "http://cts.nlm.nih.gov/fhir/ValueSet/2.16.840.1.113762.1.4.1219.104"
        }
      ]
    },
    {
      "type": "Condition"
    },
    {
      "type": "Encounter"
    }
  ],
  "content": [
    {
      "contentType": "application/elm+json",
      "url": "files/HomeHealthServices/r4/HomeHealthServicesPrepopulation-0.0.1.cql"
    }
  ]
}
