{
  "resourceType": "Questionnaire",
  "id": "HomeHealthServicesFaceToFace",
  "name": "HomeHealthServicesFaceToFace",
  "meta": {
    "profile": [
      "http://hl7.org/fhir/StructureDefinition/cqf-questionnaire",
      "http://hl7.org/fhir/us/davinci-dtr/StructureDefinition/dtr-questionnaire-r4"
    ]
  },
  "extension": [
    {
      "url": "http://hl7.org/fhir/StructureDefinition/cqf-library",
      "valueCanonical": "http://hl7.org/fhir/us/davinci-dtr/Library/BasicPatientInfo-prepopulation"
    },
    {
      "url": "http://hl7.org/fhir/StructureDefinition/cqf-library",
      "valueCanonical": "http://hl7.org/fhir/us/davinci-dtr/Library/BasicPractitionerInfo-prepopulation"
    },
    {
      "url": "http://hl7.org/fhir/StructureDefinition/cqf-library",
      "valueCanonical": "http://hl7.org/fhir/us/davinci-dtr/Library/HomeHealthServices-prepopulation"
    },
    {
      "url": "http://hl7.org/fhir/StructureDefinition/cqf-library",
      "valueCanonical": "http://hl7.org/fhir/us/davinci-dtr/Library/BasicClinicalInfo-prepopulation"
    }
  ],
  "title": "HomeHealthServices FaceToFace Questionnaire",
  "status": "draft",
  "date": "2020-07-01",
  "publisher": "Da Vinci DTR",
  "item": [
    {
      "linkId": "1",
      "extension": [
        {
          "url": "http://hl7.org/fhir/StructureDefinition/sub-questionnaire",
          "valueCanonical": "questionnaire/patient-info"
        }
      ],
      "type": "display"
    },
    {
      "linkId": "2",
      "type": "group",
      "required": true,
      "text": "Encounter",
      "item": [
        {
          "type": "date",
          "linkId": "2.1",
          "text": "Date of F2F encounter (MM/DD/YYYY)",
          "extension": [
            {
              "url": "http://hl7.org/fhir/uv/sdc/StructureDefinition/sdc-questionnaire-initialExpression",
              "valueExpression": {
                "language": "text/cql",
                "expression": "\"HomeHealthServicesPlanOfCarePrepopulation\".F2FDate"
              }
            }
          ]
        },
        {
          "linkId": "2.2",
          "extension": [
            {
              "url": "http://hl7.org/fhir/uv/sdc/StructureDefinition/sdc-questionnaire-initialExpression",
              "valueExpression": {
                "language": "text/cql",
                "expression": "\"BasicClinicalInfoPrepopulation\".AnswerYes"
              }
            },
            {
              "url": "http://hl7.org/fhir/StructureDefinition/questionnaire-itemControl",
              "valueCodeableConcept": {
                "coding": [
                  {
                    "code": "radio-button",
                    "system": "http://hl7.org/fhir/questionnaire-item-control"
                  }
                ]
              }
            }
          ],
          "text": "Is this encounter for the evaluation of the patient’s need for home health services?",
          "required": true,
          "type": "choice",
          "answerValueSet": "http://terminology.hl7.org/ValueSet/v2-0136"
        },
        {
          "linkId": "2.3",
          "text": "Is HHA information incorporated in the patient’s medical records?",
          "type": "choice",
          "answerValueSet": "http://terminology.hl7.org/ValueSet/v2-0136",
          "extension": [
            {
              "url": "http://hl7.org/fhir/uv/sdc/StructureDefinition/sdc-questionnaire-initialExpression",
              "valueExpression": {
                "language": "text/cql",
                "expression": "\"BasicClinicalInfoPrepopulation\".AnswerYes"
              }
            },
            {
              "url": "http://hl7.org/fhir/StructureDefinition/questionnaire-itemControl",
              "valueCodeableConcept": {
                "coding": [
                  {
                    "code": "radio-button",
                    "system": "http://hl7.org/fhir/questionnaire-item-control"
                  }
                ]
              }
            }
          ],
          "enableWhen": [
            {
              "question": "2.2",
              "operator": "=",
              "answerCoding": {
                "code": "Y",
                "system": "http://terminology.hl7.org/CodeSystem/v2-0136"
              }
            }
          ]
        },
        {
          "linkId": "2.4",
          "text": "Is the Home Health Agency's information specifically identified as to source?",
          "type": "choice",
          "answerValueSet": "http://terminology.hl7.org/ValueSet/v2-0136",
          "extension": [
            {
              "url": "http://hl7.org/fhir/uv/sdc/StructureDefinition/sdc-questionnaire-initialExpression",
              "valueExpression": {
                "language": "text/cql",
                "expression": "\"BasicClinicalInfoPrepopulation\".AnswerYes"
              }
            },
            {
              "url": "http://hl7.org/fhir/StructureDefinition/questionnaire-itemControl",
              "valueCodeableConcept": {
                "coding": [
                  {
                    "code": "radio-button",
                    "system": "http://hl7.org/fhir/questionnaire-item-control"
                  }
                ]
              }
            }
          ],
          "enableWhen": [
            {
              "question": "2.2",
              "operator": "=",
              "answerCoding": {
                "code": "Y",
                "system": "http://terminology.hl7.org/CodeSystem/v2-0136"
              }
            },
            {
              "question": "2.3",
              "operator": "=",
              "answerCoding": {
                "code": "Y",
                "system": "http://terminology.hl7.org/CodeSystem/v2-0136"
              }
            }
          ],
          "enableBehavior": "all"
        },
        {
          "linkId": "2.5",
          "text": "Has the responsible physician reviewed, signed and dated the HHA records?",
          "type": "choice",
          "answerValueSet": "http://terminology.hl7.org/ValueSet/v2-0136",
          "extension": [
            {
              "url": "http://hl7.org/fhir/uv/sdc/StructureDefinition/sdc-questionnaire-initialExpression",
              "valueExpression": {
                "language": "text/cql",
                "expression": "\"BasicClinicalInfoPrepopulation\".AnswerYes"
              }
            },
            {
              "url": "http://hl7.org/fhir/StructureDefinition/questionnaire-itemControl",
              "valueCodeableConcept": {
                "coding": [
                  {
                    "code": "radio-button",
                    "system": "http://hl7.org/fhir/questionnaire-item-control"
                  }
                ]
              }
            }
          ],
          "enableWhen": [
            {
              "question": "2.2",
              "operator": "=",
              "answerCoding": {
                "code": "Y",
                "system": "http://terminology.hl7.org/CodeSystem/v2-0136"
              }
            },
            {
              "question": "2.3",
              "operator": "=",
              "answerCoding": {
                "code": "Y",
                "system": "http://terminology.hl7.org/CodeSystem/v2-0136"
              }
            },
            {
              "question": "2.4",
              "operator": "=",
              "answerCoding": {
                "code": "Y",
                "system": "http://terminology.hl7.org/CodeSystem/v2-0136"
              }
            }
          ],
          "enableBehavior": "all"
        },
        {
          "linkId": "2.6",
          "text": "If No, purpose of the encounter",
          "type": "text",
          "required": true,
          "enableWhen": [
            {
              "question": "2.2",
              "operator": "=",
              "answerCoding": {
                "code": "N",
                "system": "http://terminology.hl7.org/CodeSystem/v2-0136"
              }
            }
          ]
        }
      ]
    },
    {
      "linkId": "3",
      "text": "Diagnoses",
      "type": "group",
      "item": [
        {
          "linkId": "3.1",
          "text": "Related Diagnoses",
          "type": "open-choice",
          "required": true,
          "repeats": true,
          "extension": [
            {
              "url": "http://hl7.org/fhir/uv/sdc/StructureDefinition/sdc-questionnaire-initialExpression",
              "valueExpression": {
                "language": "text/cql",
                "expression": "\"HomeHealthServicesPrepopulation\".PatientDiagnoses"
              }
            }
          ]
        },
        {
          "linkId": "3.2",
          "text": "Other Diagnoses",
          "type": "open-choice",
          "required": true,
          "repeats": true,
          "extension": [
            {
              "url": "http://hl7.org/fhir/uv/sdc/StructureDefinition/sdc-questionnaire-initialExpression",
              "valueExpression": {
                "language": "text/cql",
                "expression": "\"HomeHealthServicesPrepopulation\".PatientDiagnoses"
              }
            }
          ]
        }
      ]
    },
    {
      "linkId": "4",
      "extension": [
        {
          "url": "http://hl7.org/fhir/StructureDefinition/sub-questionnaire",
          "valueCanonical": "questionnaire/subjective"
        }
      ],
      "type": "display"
    },
    {
      "linkId": "5",
      "extension": [
        {
          "url": "http://hl7.org/fhir/StructureDefinition/sub-questionnaire",
          "valueCanonical": "questionnaire/review-of-system"
        }
      ],
      "type": "display"
    },
    {
      "linkId": "6",
      "extension": [
        {
          "url": "http://hl7.org/fhir/StructureDefinition/sub-questionnaire",
          "valueCanonical": "questionnaire/pain-assessment"
        }
      ],
      "type": "display"
    },
    {
      "linkId": "7",
      "type": "group",
      "text": "Physical Examination With Vital Signs",
      "item": [
        {
          "linkId": "7.1",
          "type": "group",
          "text": "Vital Signs",
          "item": [
            {
              "extension": [
                {
                  "url": "http://hl7.org/fhir/StructureDefinition/sub-questionnaire",
                  "valueCanonical": "questionnaire/vital-signs"
                },
                {
                  "url": "http://hl7.org/fhir/StructureDefinition/sub-questionnaire-expand",
                  "valueBoolean": true
                }
              ],
              "linkId": "7.1.1",
              "type": "display",
              "text": "This is a placeholder for Vital Signs"
            },
            {
              "linkId": "7.1.2",
              "text": "O2 Sat (At rest)",
              "extension": [
                {
                  "url": "http://hl7.org/fhir/StructureDefinition/questionnaire-unit",
                  "valueCoding": {
                    "display": "%"
                  }
                }
              ],
              "type": "decimal"
            },
            {
              "linkId": "7.1.3",
              "text": "O2 Sat with supplemental oxygen",
              "type": "group",
              "extension": [
                {
                  "url": "http://hl7.org/fhir/StructureDefinition/questionnaire-itemControl",
                  "valueCodeableConcept": {
                    "coding": [
                      {
                        "system": "http://hl7.org/fhir/questionnaire-item-control",
                        "code": "gtable"
                      }
                    ]
                  }
                }
              ],
              "item": [
                {
                  "linkId": "7.1.3.1",
                  "text": "O2 Sat",
                  "extension": [
                    {
                      "url": "http://hl7.org/fhir/StructureDefinition/questionnaire-unit",
                      "valueCoding": {
                        "display": "%"
                      }
                    }
                  ],
                  "type": "decimal"
                },
                {
                  "linkId": "7.1.3.2",
                  "text": "O2 flow rate (LPM)",
                  "extension": [
                    {
                      "url": "http://hl7.org/fhir/StructureDefinition/questionnaire-unit",
                      "valueCoding": {
                        "display": "lpm"
                      }
                    }
                  ],
                  "type": "decimal"
                }
              ]
            }
          ]
        },
        {
          "extension": [
            {
              "url": "http://hl7.org/fhir/StructureDefinition/sub-questionnaire",
              "valueCanonical": "questionnaire/physical-exam"
            }
          ],
          "linkId": "7.2",
          "type": "display",
          "text": "This is a placeholder for Physical Examination"
        }
      ]
    },
    {
      "linkId": "8",
      "type": "group",
      "text": "Confined to Home Assessment",
      "item": [
        {
          "type": "group",
          "linkId": "8.1",
          "text": "Does beneficiary, because of illness or injury, need: (check all that apply)",
          "item": [
            {
              "type": "boolean",
              "linkId": "8.1.1",
              "text": "supportive devices"
            },
            {
              "type": "boolean",
              "linkId": "8.1.2",
              "text": "special transportation"
            },
            {
              "type": "boolean",
              "linkId": "8.1.3",
              "text": "assistance to leave residence"
            },
            {
              "type": "text",
              "linkId": "8.1.4",
              "text": "Describe"
            }
          ]
        },
        {
          "linkId": "8.2",
          "text": "Has the responsible physician reviewed, signed and dated the HHA records?",
          "type": "group",
          "item": [
            {
              "linkId": "8.2.1",
              "text": "Answer",
              "type": "choice",
              "answerValueSet": "http://terminology.hl7.org/ValueSet/v2-0136",
              "extension": [
                {
                  "url": "http://hl7.org/fhir/uv/sdc/StructureDefinition/sdc-questionnaire-initialExpression",
                  "valueExpression": {
                    "language": "text/cql",
                    "expression": "\"BasicClinicalInfoPrepopulation\".AnswerYes"
                  }
                },
                {
                  "url": "http://hl7.org/fhir/StructureDefinition/questionnaire-itemControl",
                  "valueCodeableConcept": {
                    "coding": [
                      {
                        "code": "radio-button",
                        "system": "http://hl7.org/fhir/questionnaire-item-control"
                      }
                    ]
                  }
                }
              ]
            },
            {
              "linkId": "8.2.2",
              "text": "Describe",
              "type": "text"
            }
          ]
        },
        {
          "linkId": "8.3",
          "text": "Is there a medical contraindication to leaving home?",
          "type": "group",
          "item": [
            {
              "linkId": "8.3.1",
              "text": "Answer",
              "type": "choice",
              "answerValueSet": "http://terminology.hl7.org/ValueSet/v2-0136",
              "extension": [
                {
                  "url": "http://hl7.org/fhir/uv/sdc/StructureDefinition/sdc-questionnaire-initialExpression",
                  "valueExpression": {
                    "language": "text/cql",
                    "expression": "\"BasicClinicalInfoPrepopulation\".AnswerYes"
                  }
                },
                {
                  "url": "http://hl7.org/fhir/StructureDefinition/questionnaire-itemControl",
                  "valueCodeableConcept": {
                    "coding": [
                      {
                        "code": "radio-button",
                        "system": "http://hl7.org/fhir/questionnaire-item-control"
                      }
                    ]
                  }
                }
              ]
            },
            {
              "linkId": "8.3.2",
              "text": "Describe",
              "type": "text"
            }
          ]
        },
        {
          "type": "boolean",
          "required": true,
          "linkId": "8.4",
          "text": "Is there a normal inability to leave home?"
        },
        {
          "linkId": "8.5",
          "text": "Does leaving home require a considerable and taxing effort?",
          "type": "group",
          "item": [
            {
              "linkId": "8.5.1",
              "text": "Answer",
              "type": "choice",
              "answerValueSet": "http://terminology.hl7.org/ValueSet/v2-0136",
              "extension": [
                {
                  "url": "http://hl7.org/fhir/uv/sdc/StructureDefinition/sdc-questionnaire-initialExpression",
                  "valueExpression": {
                    "language": "text/cql",
                    "expression": "\"BasicClinicalInfoPrepopulation\".AnswerYes"
                  }
                },
                {
                  "url": "http://hl7.org/fhir/StructureDefinition/questionnaire-itemControl",
                  "valueCodeableConcept": {
                    "coding": [
                      {
                        "code": "radio-button",
                        "system": "http://hl7.org/fhir/questionnaire-item-control"
                      }
                    ]
                  }
                }
              ]
            },
            {
              "linkId": "8.5.2",
              "text": "Describe",
              "type": "text"
            }
          ]
        },
        {
          "type": "group",
          "linkId": "8.6",
          "text": "Related physical limitations that support homebound status – impairment (check all that apply)",
          "item": [
            {
              "type": "group",
              "linkId": "8.6.1",
              "text": "Nervous system/mental functions",
              "item": [
                {
                  "type": "boolean",
                  "linkId": "8.6.1.1",
                  "text": "Structural"
                },
                {
                  "type": "boolean",
                  "linkId": "8.6.1.2",
                  "text": "Functional"
                }
              ]
            },
            {
              "type": "group",
              "linkId": "8.6.2",
              "text": "sensory functions (eye, ear and related structures)",
              "item": [
                {
                  "type": "boolean",
                  "linkId": "8.6.2.1",
                  "text": "Structural"
                },
                {
                  "type": "boolean",
                  "linkId": "8.6.2.2",
                  "text": "Functional"
                }
              ]
            },
            {
              "type": "group",
              "linkId": "8.6.3",
              "text": "voice and speech",
              "item": [
                {
                  "type": "boolean",
                  "linkId": "8.6.3.1",
                  "text": "Structural"
                },
                {
                  "type": "boolean",
                  "linkId": "8.6.3.2",
                  "text": "Functional"
                }
              ]
            },
            {
              "type": "group",
              "linkId": "8.6.4",
              "text": "cardiovascular system",
              "item": [
                {
                  "type": "boolean",
                  "linkId": "8.6.4.1",
                  "text": "Structural"
                },
                {
                  "type": "boolean",
                  "linkId": "8.6.4.2",
                  "text": "Functional"
                }
              ]
            },
            {
              "type": "group",
              "linkId": "8.6.5",
              "text": "hematological and immunological system",
              "item": [
                {
                  "type": "boolean",
                  "linkId": "8.6.5.1",
                  "text": "Structural"
                },
                {
                  "type": "boolean",
                  "linkId": "8.6.5.2",
                  "text": "Functional"
                }
              ]
            },
            {
              "type": "group",
              "linkId": "8.6.6",
              "text": "respiratory system",
              "item": [
                {
                  "type": "boolean",
                  "linkId": "8.6.6.1",
                  "text": "Structural"
                },
                {
                  "type": "boolean",
                  "linkId": "8.6.6.2",
                  "text": "Functional"
                }
              ]
            },
            {
              "type": "group",
              "linkId": "8.6.7",
              "text": "digestive system",
              "item": [
                {
                  "type": "boolean",
                  "linkId": "8.6.7.1",
                  "text": "Structural"
                },
                {
                  "type": "boolean",
                  "linkId": "8.6.7.2",
                  "text": "Functional"
                }
              ]
            },
            {
              "type": "group",
              "linkId": "8.6.8",
              "text": "metabolic and endocrine system",
              "item": [
                {
                  "type": "boolean",
                  "linkId": "8.6.8.1",
                  "text": "Structural"
                },
                {
                  "type": "boolean",
                  "linkId": "8.6.8.2",
                  "text": "Functional"
                }
              ]
            },
            {
              "type": "group",
              "linkId": "8.6.9",
              "text": "genitourinary system",
              "item": [
                {
                  "type": "boolean",
                  "linkId": "8.6.9.1",
                  "text": "Structural"
                },
                {
                  "type": "boolean",
                  "linkId": "8.6.9.2",
                  "text": "Functional"
                }
              ]
            },
            {
              "type": "group",
              "linkId": "8.6.10",
              "text": "skin and related structures",
              "item": [
                {
                  "type": "boolean",
                  "linkId": "8.6.10.1",
                  "text": "Structural"
                },
                {
                  "type": "boolean",
                  "linkId": "8.6.10.2",
                  "text": "Functional"
                }
              ]
            },
            {
              "type": "group",
              "linkId": "8.6.11",
              "text": "neuromusculoskeletal and movement-related structure",
              "item": [
                {
                  "type": "boolean",
                  "linkId": "8.6.11.1",
                  "text": "Structural"
                },
                {
                  "type": "boolean",
                  "linkId": "8.6.11.2",
                  "text": "Functional"
                }
              ]
            },
            {
              "type": "group",
              "linkId": "8.6.12",
              "text": "other",
              "item": [
                {
                  "type": "text",
                  "linkId": "8.6.12.1",
                  "text": "Describe this and state structural or functional"
                }
              ]
            }
          ]
        }
      ]
    },
    {
      "linkId": "9",
      "type": "text",
      "text": "Additional information necessary to describe why the above selected structural and functional and activity impairments/limitations support homebound status"
    },
    {
      "linkId": "10",
      "type": "text",
      "text": "Treatment plan:( required if necessary to support patient need for home health services)"
    },
    {
      "linkId": "11",
      "text": "Orders for Discipline and Treatments (Specify Frequency/Duration)",
      "type": "group",
      "item": [
        {
          "linkId": "11.1",
          "text": "Intermittent skilled nursing services",
          "type": "group",
          "repeats": true,
          "extension": [
            {
              "url": "http://hl7.org/fhir/StructureDefinition/questionnaire-itemControl",
              "valueCodeableConcept": {
                "coding": [
                  {
                    "system": "http://hl7.org/fhir/questionnaire-item-control",
                    "code": "gtable"
                  }
                ]
              }
            }
          ],
          "item": [
            {
              "linkId": "11.1.1",
              "text": "Service",
              "type": "open-choice",
              "answerValueSet": "http://cts.nlm.nih.gov/fhir/ValueSet/2.16.840.1.113762.1.4.1219.105",
              "answerOption": [
              ]
            },
            {
              "linkId": "11.2",
              "text": "Frequency",
              "type": "choice",
              "answerValueSet": "http://hl7.org/fhir/ValueSet/timing-abbreviation"
            },
            {
              "linkId": "11.3",
              "type": "text",
              "text": "Duration"
            }
          ]
        },
        {
          "linkId": "11.4",
          "type": "text",
          "text": "Justification and signature if the patient's sole skilled service need is for skilled oversight of unskilled services (management and evaluation of the care plan or complex care plan management)"
        },
        {
          "linkId": "11.5",
          "type": "text",
          "text": "Signature"
        }
      ]
    },
    {
      "linkId": "12",
      "text": "Therapy Services (complete all that are required)",
      "type": "group",
      "repeats": true,
      "extension": [
        {
          "url": "http://hl7.org/fhir/StructureDefinition/questionnaire-itemControl",
          "valueCodeableConcept": {
            "coding": [
              {
                "system": "http://hl7.org/fhir/questionnaire-item-control",
                "code": "gtable"
              }
            ]
          }
        }
      ],
      "item": [
        {
          "linkId": "12.1",
          "text": "Service",
          "type": "choice",
          "required": true,
          "answerValueSet": "http://cts.nlm.nih.gov/fhir/ValueSet/2.16.840.1.113762.1.4.1219.99",
          "answerOption": [
          ]
        },
        {
          "linkId": "12.2",
          "text": "Frequency",
          "type": "choice",
          "answerValueSet": "http://hl7.org/fhir/ValueSet/timing-abbreviation",
          "extension": [
            {}
          ]
        },
        {
          "linkId": "12.3",
          "type": "text",
          "text": "Duration"
        }
      ]
    },
    {
      "linkId": "13",
      "text": "Occupational Services",
      "type": "group",
      "item": [
        {
          "linkId": "13.1",
          "text": "Orders",
          "type": "group",
          "repeats": true,
          "extension": [
            {
              "url": "http://hl7.org/fhir/StructureDefinition/questionnaire-itemControl",
              "valueCodeableConcept": {
                "coding": [
                  {
                    "system": "http://hl7.org/fhir/questionnaire-item-control",
                    "code": "gtable"
                  }
                ]
              }
            }
          ],
          "item": [
            {
              "linkId": "13.1.1",
              "text": "Service",
              "type": "choice",
              "answerValueSet": "http://cts.nlm.nih.gov/fhir/ValueSet/2.16.840.1.113762.1.4.1219.101",
              "answerOption": [
              ]
            },
            {
              "linkId": "13.1.2",
              "text": "Frequency",
              "type": "choice",
              "answerValueSet": "http://hl7.org/fhir/ValueSet/timing-abbreviation"
            },
            {
              "linkId": "13.1.3",
              "type": "text",
              "text": "Duration"
            }
          ]
        },
        {
          "linkId": "13.2",
          "text": "Are OT services above provided because physical therapy services ceased?",
          "type": "choice",
          "answerValueSet": "http://terminology.hl7.org/ValueSet/v2-0136",
          "extension": [
            {
              "url": "http://hl7.org/fhir/uv/sdc/StructureDefinition/sdc-questionnaire-initialExpression",
              "valueExpression": {
                "language": "text/cql",
                "expression": "\"BasicClinicalInfoPrepopulation\".AnswerYes"
              }
            },
            {
              "url": "http://hl7.org/fhir/StructureDefinition/questionnaire-itemControl",
              "valueCodeableConcept": {
                "coding": [
                  {
                    "code": "radio-button",
                    "system": "http://hl7.org/fhir/questionnaire-item-control"
                  }
                ]
              }
            }
          ]
        }
      ]
    },
    {
      "linkId": "14",
      "text": "Speech-language Pathology",
      "type": "group",
      "repeats": true,
      "extension": [
        {
          "url": "http://hl7.org/fhir/StructureDefinition/questionnaire-itemControl",
          "valueCodeableConcept": {
            "coding": [
              {
                "system": "http://hl7.org/fhir/questionnaire-item-control",
                "code": "gtable"
              }
            ]
          }
        }
      ],
      "item": [
        {
          "linkId": "14.1",
          "text": "Service",
          "type": "choice",
          "required": true,
          "answerValueSet": "http://cts.nlm.nih.gov/fhir/ValueSet/2.16.840.1.113762.1.4.1219.103",
          "answerOption": [
          ]
        },
        {
          "linkId": "14.2",
          "text": "Frequency",
          "type": "choice",
          "answerValueSet": "http://hl7.org/fhir/ValueSet/timing-abbreviation"
        },
        {
          "linkId": "14.3",
          "type": "text",
          "text": "Duration"
        }
      ]
    },
    {
      "linkId": "15",
      "text": "Other Services",
      "type": "group",
      "extension": [
        {
          "url": "http://hl7.org/fhir/StructureDefinition/questionnaire-itemControl",
          "valueCodeableConcept": {
            "coding": [
              {
                "system": "http://hl7.org/fhir/questionnaire-item-control",
                "code": "gtable"
              }
            ]
          }
        }
      ],
      "item": [
        {
          "linkId": "15.1",
          "text": "Service",
          "type": "choice",
          "answerOption": [
            {
              "valueCoding": {
                "display": "Home Health aide services"
              }
            },
            {
              "valueCoding": {
                "display": "Medical social services"
              }
            }
          ]
        },
        {
          "linkId": "15.2",
          "type": "text",
          "text": "Frequency"
        },
        {
          "linkId": "15.3",
          "type": "text",
          "text": "Duration"
        }
      ]
    },
    {
      "linkId": "16",
      "type": "group",
      "text": "Other orders",
      "item": [
        {
          "linkId": "16.1",
          "type": "text",
          "text": "Medications (other drugs)"
        },
        {
          "linkId": "16.2",
          "type": "text",
          "text": "Supplies"
        },
        {
          "linkId": "16.3",
          "type": "text",
          "text": "Investigation/diagnostic testing"
        },
        {
          "linkId": "16.4",
          "type": "text",
          "text": "Consults"
        },
        {
          "linkId": "16.5",
          "type": "text",
          "text": "Other"
        }
      ]
    },
    {
      "linkId": "17",
      "type": "group",
      "text": "Signature of NPP who performed the face-to-face evaluation",
      "item": [
        {
          "linkId": "17.1",
          "type": "group",
          "text": "NPP information",
          "item": [
            {
              "extension": [
                {
                  "url": "http://hl7.org/fhir/StructureDefinition/sub-questionnaire",
                  "valueCanonical": "questionnaire/encounter-provider-signature"
                },
                {
                  "url": "http://hl7.org/fhir/StructureDefinition/sub-questionnaire-expand",
                  "valueBoolean": true
                }
              ],
              "type": "display",
              "linkId": "17.1.1",
              "text": "This is a placeholder for encounter provider signature"
            },
            {
              "linkId": "17.2",
              "text": "Telephone number",
              "type": "text"
            }
          ]
        }
      ]
    },
    {
      "linkId": "18",
      "type": "group",
      "text": "Signature of physician who performed the face-to-face evaluation",
      "item": [
        {
          "linkId": "18.1",
          "type": "group",
          "text": "Physician information",
          "item": [
            {
              "extension": [
                {
                  "url": "http://hl7.org/fhir/StructureDefinition/sub-questionnaire",
                  "valueCanonical": "questionnaire/encounter-provider-signature"
                },
                {
                  "url": "http://hl7.org/fhir/StructureDefinition/sub-questionnaire-expand",
                  "valueBoolean": true
                }
              ],
              "type": "display",
              "linkId": "18.1.1",
              "text": "This is a placeholder for encounter provider signature"
            },
            {
              "linkId": "18.2",
              "text": "Telephone number",
              "type": "text"
            }
          ]
        }
      ]
    }
  ]
}