{
  "resourceType": "Questionnaire",
  "id": "HomeOxygenTherapy",
  "name": "HomeOxygenTherapy",
  "meta": {
    "profile": [
      "http://hl7.org/fhir/StructureDefinition/cqif-questionnaire"
    ]
  },
  "title": "Home Oxygen Therapy",
  "status": "draft",
  "subjectType": [
    "Patient"
  ],
  "date": "2019-03-11",
  "publisher": "Da Vinci DTR",
  "extension": [
    {
      "url": "http://hl7.org/fhir/StructureDefinition/cqif-library",
      "valueReference": {
        "reference": "Library/HomeOxygenTherapy-prepopulation"
      }
    },
    {
      "url": "http://hl7.org/fhir/StructureDefinition/cqif-library",
      "valueReference": {
        "reference": "Library/BasicPatientInfo-prepopulation"
      }
    },
    {
      "url": "http://hl7.org/fhir/StructureDefinition/cqif-library",
      "valueReference": {
        "reference": "Library/BasicPractitionerInfo-prepopulation"
      }
    }
  ],
  "contained": [
    {
      "resourceType": "ValueSet",
      "id": "gender",
      "url": "#gender",
      "status": "draft",
      "expansion": {
        "contains": [
          {
            "code": "male",
            "display": "Male"
          },
          {
            "code": "female",
            "display": "Female"
          },
          {
            "code": "other",
            "display": "Other"
          }
        ]
      }
    }
  ],
  "item": [
    {
      "linkId": "1",
      "text": "Patient Information",
      "type": "group",
      "item": [
        {
          "linkId": "1.1",
          "text": "Last Name but Different This Time",
          "type": "string",
          "required": true,
          "extension": [
            {
              "url": "http://hl7.org/fhir/StructureDefinition/cqif-calculatedValue",
              "valueString": "\"BasicPatientInfoPrepopulation\".LastName"
            }
          ]
        },
        {
          "linkId": "1.2",
          "text": "First Name",
          "type": "string",
          "required": true,
          "extension": [
            {
              "url": "http://hl7.org/fhir/StructureDefinition/cqif-calculatedValue",
              "valueString": "\"BasicPatientInfoPrepopulation\".FirstName"
            }
          ]
        },
        {
          "linkId": "1.3",
          "text": "Middle Initial",
          "type": "string",
          "required": true,
          "extension": [
            {
              "url": "http://hl7.org/fhir/StructureDefinition/cqif-calculatedValue",
              "valueString": "\"BasicPatientInfoPrepopulation\".MiddleInitial"
            }
          ]
        },
        {
          "linkId": "1.4",
          "text": "Date Of Birth",
          "type": "date",
          "required": true,
          "extension": [
            {
              "url": "http://hl7.org/fhir/StructureDefinition/cqif-calculatedValue",
              "valueString": "\"BasicPatientInfoPrepopulation\".DateOfBirth"
            }
          ]
        },
        {
          "linkId": "1.5",
          "text": "Gender",
          "type": "choice",
          "required": true,
          "options": {
            "reference": "#gender"
          },
          "extension": [
            {
              "url": "http://hl7.org/fhir/StructureDefinition/cqif-calculatedValue",
              "valueString": "\"BasicPatientInfoPrepopulation\".Gender"
            }
          ]
        },
        {
          "linkId": "1.6",
          "text": "Medicare ID",
          "type": "string",
          "required": true,
          "extension": [
            {
              "url": "http://hl7.org/fhir/StructureDefinition/cqif-calculatedValue",
              "valueString": "\"BasicPatientInfoPrepopulation\".MedicareId"
            }
          ]
        }
      ]
    },
    {
      "linkId": "2",
      "text": "Provider who is performing face-to-face evaluation",
      "type": "group",
      "item": [
        {
          "linkId": "2.1",
          "text": "Last Name",
          "type": "string",
          "required": true,
          "extension": [
            {
              "url": "http://hl7.org/fhir/StructureDefinition/cqif-calculatedValue",
              "valueString": "\"BasicPractitionerInfoPrepopulation\".LastName"
            }
          ]
        },
        {
          "linkId": "2.2",
          "text": "First Name",
          "type": "string",
          "required": true,
          "extension": [
            {
              "url": "http://hl7.org/fhir/StructureDefinition/cqif-calculatedValue",
              "valueString": "\"BasicPractitionerInfoPrepopulation\".FirstName"
            }
          ]
        },
        {
          "linkId": "2.3",
          "text": "Middle Initial",
          "type": "string",
          "required": true,
          "extension": [
            {
              "url": "http://hl7.org/fhir/StructureDefinition/cqif-calculatedValue",
              "valueString": "\"BasicPractitionerInfoPrepopulation\".MiddleInitial"
            }
          ]
        },
        {
          "linkId": "2.4",
          "text": "NPI",
          "type": "string",
          "required": true,
          "extension": [
            {
              "url": "http://hl7.org/fhir/StructureDefinition/cqif-calculatedValue",
              "valueString": "\"BasicPractitionerInfoPrepopulation\".NPI"
            }
          ]
        },
        {
          "linkId": "2.5",
          "text": "Date of Face-To-Face Evaluation",
          "type": "date",
          "required": true,
          "extension": [
            {
              "url": "http://hl7.org/fhir/StructureDefinition/cqif-calculatedValue",
              "valueString": "\"HomeOxygenTherapyPrepopulation\".Today"
            }
          ]
        }
      ]
    },
    {
      "linkId": "3",
      "text": "Coverage Requirements",
      "type": "group",
      "item": [
        {
          "linkId": "3.1",
          "text": "Relevant Patient Diagnoses (conditions that might be expected to improve with oxygen therapy)",
          "type": "open-choice",
          "required": true,
          "option": [
            {
              "valueCoding": {
                "code": "COPD"
              }
            },
            {
              "valueCoding": {
                "code": "Bronchiectasis"
              }
            },
            {
              "valueCoding": {
                "code": "Hypoxemia"
              }
            },
            {
              "valueCoding": {
                "code": "Diffuse interstitial lung disease"
              }
            },
            {
              "valueCoding": {
                "code": "Cystic fibrosis"
              }
            },
            {
              "valueCoding": {
                "code": "Pulmonary neoplasm"
              }
            },
            {
              "valueCoding": {
                "code": "Erythrocytosis"
              }
            },
            {
              "valueCoding": {
                "code": "Pulmonary hypertension"
              }
            },
            {
              "valueCoding": {
                "code": "Recurring CHF d/t Cor Pulmonale"
              }
            }
          ],
          "extension": [
            {
              "url": "http://hl7.org/fhir/StructureDefinition/cqif-calculatedValue",
              "valueString": "\"HomeOxygenTherapyPrepopulation\".RelevantDiagnoses"
            },
            {
              "url": "http://hl7.org/fhir/StructureDefinition/questionnaire-answerRepeats",
              "valueBoolean": true
            }
          ]
        },
        {
          "linkId": "3.2",
          "text": "Arterial oxygen saturation (Patient on room air while at rest and awake when tested)",
          "type": "quantity",
          "required": false,
          "extension": [
            {
              "url": "http://hl7.org/fhir/StructureDefinition/cqif-calculatedValue",
              "valueString": "\"HomeOxygenTherapyPrepopulation\".ArterialOxygenSaturation"
            }
          ]
        },
        {
          "linkId": "3.3",
          "text": "Arterial Partial Pressure of Oxygen (PO2) (Patient on room air while at rest and awake when tested)",
          "type": "quantity",
          "required": false,
          "extension": [
            {
              "url": "http://hl7.org/fhir/StructureDefinition/cqif-calculatedValue",
              "valueString": "\"HomeOxygenTherapyPrepopulation\".ArterialPartialPressureOfOxygen"
            }
          ]
        },
        {
          "linkId": "3.4",
          "text": "Arterial oxygen saturation (Patient tested during exercise)",
          "type": "quantity",
          "required": false,
          "extension": [
            {
              "url": "http://hl7.org/fhir/StructureDefinition/cqif-calculatedValue",
              "valueString": "\"HomeOxygenTherapyPrepopulation\".ArterialOxygenSaturationExercise"
            }
          ]
        },
        {
          "linkId": "3.5",
          "text": "Arterial Partial Pressure of Oxygen (PO2) (Patient tested during exercise)",
          "type": "quantity",
          "required": false
        },
        {
          "linkId": "3.6",
          "text": "Is there a documented improvement of hypoxemia during exercise with oxygen?",
          "type": "boolean",
          "required": false
        },
        {
          "linkId": "3.7",
          "text": "Is the patient mobile within the home? ",
          "type": "boolean",
          "required": false,         
          "extension": [
            {
              "url": "http://hl7.org/fhir/StructureDefinition/cqif-calculatedValue",
              "valueString": "\"HomeOxygenTherapyPrepopulation\".PatientMobile"
            }
          ]
        },
        {
          "linkId": "3.8",
          "text": "Does the patient have dependent edema due to congestive heart failure?",
          "type": "boolean",
          "required": false,
          "enableWhen": [
            {
              "question": "3.2",
              "answerQuantity": {
                "value": 89,
                "unit": "%"
              }
            }
          ]
        },
        {
          "linkId": "3.9",
          "text": "Does the patient have cor pulmonale or pulmonary hypertension documented by P pulmonale on an EKG or by an echocardiogram, gated blood pool scan or direct pulmonary artery pressure measurement?",
          "type": "boolean",
          "required": false,
          "enableWhen": [
            {
              "question": "3.2",
              "answerQuantity": {
                "value": 89,
                "unit": "%"
              }
            }
          ]
        },
        {
          "linkId": "3.10",
          "text": "Does the patient have a hematocrit greater than 56%?",
          "type": "boolean",
          "required": false,
          "enableWhen": [
            {
              "question": "3.2",
              "answerQuantity": {
                "value": 89,
                "unit": "%"
              }
            }
          ],
          "extension": [
            {
              "url": "http://hl7.org/fhir/StructureDefinition/cqif-calculatedValue",
              "valueString": "\"HomeOxygenTherapyPrepopulation\".PatientHasHematocritThatIsGreaterThanThreshold"
            }
          ]
        },
        {
          "linkId": "3.11",
          "text": "Recent hematocrit result",
          "type": "quantity",
          "required": false,
          "enableWhen": [
            {
              "question": "3.10",
              "answerBoolean": true
            }
          ],
          "extension": [
            {
              "url": "http://hl7.org/fhir/StructureDefinition/cqif-calculatedValue",
              "valueString": "\"HomeOxygenTherapyPrepopulation\".HematocritThatIsGreaterThanThreshold"
            }
          ]
        }
      ]
    },
    {
      "linkId": "4",
      "text": "Prescribed Use",
      "type": "group",
      "item": [
        {
          "linkId": "4.1",
          "text": "Start date",
          "type": "date",
          "required": true,
          "extension": [
            {
              "url": "http://hl7.org/fhir/StructureDefinition/cqif-calculatedValue",
              "valueString": "\"HomeOxygenTherapyPrepopulation\".Today"
            }
          ]
        },
        {
          "linkId": "4.2",
          "text": "Length of need: (months) (99 = lifetime)",
          "type": "integer",
          "required": false,
          "extension": [
            {
              "url": "http://hl7.org/fhir/StructureDefinition/cqif-calculatedValue",
              "valueString": "\"OxygenTherapyPrepopulation\".LengthOfNeed"
            }
          ]
        },
        {
          "linkId": "4.4",
          "text": "Peak Flow Rate",
          "type": "group",
          "item": [
            {
              "linkId": "4.4.1",
              "text": "LPM",
              "type": "integer",
              "required": true
            },
            {
              "linkId": "4.4.2",
              "text": "oxygen %",
              "type": "integer",
              "required": true
            },
            {
              "linkId": "4.4.3",
              "text": "Since > 4 LPM prescribed, enter arterial oxygen saturation or PO2 while patient was on 4 LPM in stable state.",
              "type": "quantity",
              "required": true,
              "enableWhen": [
                {
                  "operator": ">",
                  "question": "4.4.1",
                  "answerInteger": 4
                }
              ]
            }
          ]
        },
        {
          "linkId": "4.5",
          "text": "Average Flow Rate",
          "type": "group",
          "item": [
            {
              "linkId": "4.5.1",
              "text": "LPM",
              "type": "integer",
              "required": true
            },
            {
              "linkId": "4.5.2",
              "text": "oxygen %",
              "type": "integer",
              "required": true
            }
          ]
        },
        {
          "linkId": "4.6",
          "text": "Frequency of use (choose all that apply)",
          "type": "open-choice",
          "required": true,
          "option": [
            {
              "valueCoding": {
                "code": "At rest and awake"
              }
            },
            {
              "valueCoding": {
                "code": "During exertion"
              }
            },
            {
              "valueCoding": {
                "code": "During sleep"
              }
            }
          ],
          "extension": [
            {
              "url": "http://hl7.org/fhir/StructureDefinition/cqif-calculatedValue",
              "valueString": "\"OxygenTherapyPrepopulation\".FrequencyOfUse"
            },
            {
              "url": "http://hl7.org/fhir/StructureDefinition/questionnaire-answerRepeats",
              "valueBoolean": true
            }
          ]
        }
      ]
    },
    {
      "linkId": "5",
      "text": "Oxygen Supply Order Details",
      "type": "group",
      "item": [
        {
          "linkId": "5.1",
          "text": "Current Order Description",
          "type": "string",
          "readOnly": true,
          "extension": [
            {
              "url": "http://hl7.org/fhir/StructureDefinition/cqif-calculatedValue",
              "valueString": "\"HomeOxygenTherapyPrepopulation\".DeviceRequestDescription"
            }
          ]
        },
        {
          "linkId": "5.1b",
          "text": "Current Order Is For A Portable Device",
          "type": "boolean",
          "readOnly": true,
          "extension": [
            {
              "url": "http://hl7.org/fhir/StructureDefinition/cqif-calculatedValue",
              "valueString": "\"HomeOxygenTherapyPrepopulation\".DeviceRequestedIsPortable"
            }
          ]
        },
        {
          "linkId": "5.2",
          "text": "Type",
          "type": "choice",
          "required": true,
          "readOnly": true, 
          "option": [
            {
              "valueCoding": {
                "code": "Liquid"
              }
            },
            {
              "valueCoding": {
                "code": "Compressed Gas"
              }
            },
            {
              "valueCoding": {
                "code": "Concentrator"
              }
            }
          ],                                                                                                                     
          "extension": [                                                                                                         
            {                                                                                                                    
              "url": "http://hl7.org/fhir/StructureDefinition/cqif-calculatedValue",                                             
              "valueString": "\"HomeOxygenTherapyPrepopulation\".DeviceType"                                                                      
            }
          ]
        },
        {
          "linkId": "5.3",
          "text": "Means of oxygen delivery and accessories",
          "type": "open-choice",
          "required": true,
          "option": [
            {
              "valueCoding": {
                "code": "Nasal cannula"
              }
            },
            {
              "valueCoding": {
                "code": "Non-rebreather"
              }
            },
            {
              "valueCoding": {
                "code": "Ventilator"
              }
            },
            {
              "valueCoding": {
                "code": "Mask"
              }
            },
            {
              "valueCoding": {
                "code": "PAP bleed in"
              }
            },
            {
              "valueCoding": {
                "code": "Oxygen conserving device"
              }
            },
            {
              "valueCoding": {
                "code": "High flow oxygen therapy"
              }
            }
          ],
          "extension": [
            {
              "url": "http://hl7.org/fhir/StructureDefinition/questionnaire-answerRepeats",
              "valueBoolean": true
            }
          ]
        },
        {
          "linkId": "5.4",
          "text": "Type of order",
          "type": "choice",
          "required": true,
          "option": [
            {
              "valueCoding": {
                "code": "Initial or original order for certification"
              }
            },
            {
              "valueCoding": {
                "code": "Change in status"
              }
            },
            {
              "valueCoding": {
                "code": "Revision or change in equipment"
              }
            },
            {
              "valueCoding": {
                "code": "Replacement"
              }
            }
          ],
          "extension": [
            {
              "url": "http://hl7.org/fhir/StructureDefinition/cqif-calculatedValue",
              "valueString": "\"OxygenTherapy\".DeviceOrderType"
            }
          ]
        },
        {
          "linkId": "5.5",
          "text": "Reason for Change in Status",
          "type": "open-choice",
          "required": true,
          "enableWhen": [
            {
              "question": "5.4",
              "answerCoding": {
                "code": "Change in status"
              }
            }
          ],
          "option": [
            {
              "valueCoding": {
                "code": "Patient relocated"
              }
            },
            {
              "valueCoding": {
                "code": "Different supplier"
              }
            }
          ],
          "extension": [
            {
              "url": "http://hl7.org/fhir/StructureDefinition/questionnaire-answerRepeats",
              "valueBoolean": true
            }
          ]
        },
        {
          "linkId": "5.6",
          "text": "Reason for Revision or change in equipment",
          "type": "open-choice",
          "required": true,
          "enableWhen": [
            {
              "question": "5.4",
              "answerCoding": {
                "code": "Revision or change in equipment"
              }
            }
          ],
          "option": [
            {
              "valueCoding": {
                "code": "New Physician order"
              }
            },
            {
              "valueCoding": {
                "code": "Beneficiary requested upgrade with signed ABN"
              }
            }
          ],
          "extension": [
            {
              "url": "http://hl7.org/fhir/StructureDefinition/questionnaire-answerRepeats",
              "valueBoolean": true
            }
          ]
        },
        {
          "linkId": "5.7",
          "text": "Reason for Replacement",
          "type": "open-choice",
          "required": true,
          "enableWhen": [
            {
              "question": "5.4",
              "answerCoding": {
                "code": "Replacement"
              }
            }
          ],
          "option": [
            {
              "valueCoding": {
                "code": "Lost or stolen"
              }
            },
            {
              "valueCoding": {
                "code": "End of lifetime"
              }
            },
            {
              "valueCoding": {
                "code": "Repair exceeds 60% of cost"
              }
            }
          ],
          "extension": [
            {
              "url": "http://hl7.org/fhir/StructureDefinition/questionnaire-answerRepeats",
              "valueBoolean": true
            }
          ]
        }
      ]
    }
  ]
}
