{
  "resourceType": "Questionnaire",
  "id": "HomeOxygenTherapy",
  "name": "HomeOxygenTherapy",
  "meta": {
    "profile": [
      "http://hl7.org/fhir/us/davinci-dtr/StructureDefinition/dtr-questionnaire-r4"
    ]
  },
  "title": "Home Oxygen Therapy",
  "status": "draft",
  "subjectType": [
    "Patient"
  ],
  "date": "2019-12-06",
  "publisher": "Da Vinci DTR",
  "extension": [
    {
      "url": "http://hl7.org/fhir/StructureDefinition/cqf-library",
      "valueCanonical": "http://hl7.org/fhir/us/davinci-dtr/Library/HomeOxygenTherapy-prepopulation"
    }
  ],
  "item": [
    {
      "linkId": "1",
      "extension": [
        {
          "url": "http://hl7.org/fhir/StructureDefinition/sub-questionnaire",
          "valueCanonical": "questionnaire/patient-info"
        }
      ],
      "type": "display",
      "text": "This is a placeholder for Patient/Beneficiary Demographics"
    },
    {
      "linkId": "2",
      "extension": [
        {
          "url": "http://hl7.org/fhir/StructureDefinition/sub-questionnaire",
          "valueCanonical": "questionnaire/practitioner-info"
        }
      ],
      "type": "display",
      "text": "This is a placeholder for Physician/NPP Demographics"
    },
    {
      "linkId": "3",
      "text": "Coverage Requirements",
      "type": "group",
      "item": [
        {
          "linkId": "3.1",
          "type": "group",
          "text": "Diagnoses",
          "item": [
            {
              "linkId": "3.1.1",
              "text": "Relevant Patient Diagnoses (conditions that might be expected to improve with oxygen therapy)",
              "type": "open-choice",
              "required": true,
              "repeats": true,
              "extension": [
                {
                  "url": "http://hl7.org/fhir/uv/sdc/StructureDefinition/sdc-questionnaire-initialExpression",
                  "valueExpression": {
                    "language": "text/cql",
                    "expression": "\"HomeOxygenTherapyPrepopulation\".RelevantDiagnoses"
                  }
                }
              ]
            },
            {
              "linkId": "3.1.2",
              "text": "Other Diagnoses",
              "type": "open-choice",
              "required": true,
              "repeats": true,
              "extension": [
                {
                  "url": "http://hl7.org/fhir/uv/sdc/StructureDefinition/sdc-questionnaire-initialExpression",
                  "valueExpression": {
                    "language": "text/cql",
                    "expression": "\"HomeOxygenTherapyPrepopulation\".OtherDiagnoses"
                  }
                }
              ]
            }
          ]
        },
        {
          "linkId": "3.2",
          "text": "Arterial oxygen saturation (Patient on room air while at rest and awake when tested)",
          "type": "quantity",
          "required": false,
          "extension": [
            {
              "url": "http://hl7.org/fhir/uv/sdc/StructureDefinition/sdc-questionnaire-initialExpression",
              "valueExpression": {
                "language": "text/cql",
                "expression": "\"HomeOxygenTherapyPrepopulation\".ArterialOxygenSaturation"
              }
            }
          ]
        },
        {
          "linkId": "3.3",
          "text": "Arterial Partial Pressure of Oxygen (PO2) (Patient on room air while at rest and awake when tested)",
          "type": "quantity",
          "required": false,
          "extension": [
            {
              "url": "http://hl7.org/fhir/uv/sdc/StructureDefinition/sdc-questionnaire-initialExpression",
              "valueExpression": {
                "language": "text/cql",
                "expression": "\"HomeOxygenTherapyPrepopulation\".ArterialPartialPressureOfOxygen"
              }
            },
            {
              "url" : "http://hl7.org/fhir/StructureDefinition/minValue",
              "valueDecimal" : 0
            },
            {
              "url" : "http://hl7.org/fhir/StructureDefinition/maxValue",
              "valueDecimal" : 100
            }  
          ]
        },
        {
          "linkId": "3.4",
          "text": "Arterial oxygen saturation (Patient tested during exercise)",
          "type": "quantity",
          "required": false,
          "extension": [
            {
              "url": "http://hl7.org/fhir/uv/sdc/StructureDefinition/sdc-questionnaire-initialExpression",
              "valueExpression": {
                "language": "text/cql",
                "expression": "\"HomeOxygenTherapyPrepopulation\".ArterialOxygenSaturationExercise"
              }
            }
          ]
        },
        {
          "linkId": "3.5",
          "text": "Arterial Partial Pressure of Oxygen (PO2) (Patient tested during exercise)",
          "type": "quantity",
          "required": false
        },
        {
          "linkId": "3.6",
          "text": "Is there a documented improvement of hypoxemia during exercise with oxygen?",
          "type": "boolean",
          "required": false
        },
        {
          "linkId": "3.7",
          "text": "Is the patient mobile within the home? ",
          "type": "boolean",
          "required": false,
          "extension": [
            {
              "url": "http://hl7.org/fhir/uv/sdc/StructureDefinition/sdc-questionnaire-initialExpression",
              "valueExpression": {
                "language": "text/cql",
                "expression": "\"HomeOxygenTherapyPrepopulation\".PatientMobile"
              }
            }
          ]
        },
        {
          "linkId": "3.8",
          "text": "Does the patient have dependent edema due to congestive heart failure?",
          "type": "boolean",
          "required": false,
          "enableWhen": [
            {
              "question": "3.2",
              "operator": ">=",
              "answerQuantity": {
                "value": 89,
                "unit": "%"
              }
            }
          ]
        },
        {
          "linkId": "3.9",
          "text": "Does the patient have cor pulmonale or pulmonary hypertension documented by P pulmonale on an EKG or by an echocardiogram, gated blood pool scan or direct pulmonary artery pressure measurement?",
          "type": "boolean",
          "required": false,
          "enableWhen": [
            {
              "question": "3.2",
              "operator": ">=",
              "answerQuantity": {
                "value": 89,
                "unit": "%"
              }
            }
          ]
        },
        {
          "linkId": "3.10",
          "text": "Does the patient have a hematocrit greater than 56%?",
          "type": "boolean",
          "required": false,
          "enableWhen": [
            {
              "question": "3.2",
              "operator": ">=",
              "answerQuantity": {
                "value": 89,
                "unit": "%"
              }
            }
          ],
          "extension": [
            {
              "url": "http://hl7.org/fhir/uv/sdc/StructureDefinition/sdc-questionnaire-initialExpression",
              "valueExpression": {
                "language": "text/cql",
                "expression": "\"HomeOxygenTherapyPrepopulation\".PatientHasHematocritThatIsGreaterThanThreshold"
              }
            }
          ]
        },
        {
          "linkId": "3.11",
          "text": "Recent hematocrit result",
          "type": "quantity",
          "required": false,
          "enableWhen": [
            {
              "question": "3.10",
              "operator": "=",
              "answerBoolean": true
            }
          ],
          "extension": [
            {
              "url": "http://hl7.org/fhir/uv/sdc/StructureDefinition/sdc-questionnaire-initialExpression",
              "valueExpression": {
                "language": "text/cql",
                "expression": "\"HomeOxygenTherapyPrepopulation\".HematocritThatIsGreaterThanThreshold"
              }
            }
          ]
        }
      ]
    },
    {
      "linkId": "4",
      "text": "Prescribed Use",
      "type": "group",
      "item": [
        {
          "linkId": "4.1",
          "text": "Start date",
          "type": "date",
          "required": true,
          "extension": [
            {
              "url": "http://hl7.org/fhir/uv/sdc/StructureDefinition/sdc-questionnaire-initialExpression",
              "valueExpression": {
                "language": "text/cql",
                "expression": "\"HomeOxygenTherapyPrepopulation\".Today"
              }
            }
          ]
        },
        {
          "linkId": "4.2",
          "text": "Length of need: (months) (99 = lifetime)",
          "type": "integer",
          "required": false,
          "extension": [
            {
              "url": "http://hl7.org/fhir/uv/sdc/StructureDefinition/sdc-questionnaire-initialExpression",
              "valueExpression": {
                "language": "text/cql",
                "expression": "\"HomeOxygenTherapyPrepopulation\".LengthOfNeed"
              }
            }
          ]
        },
        {
          "linkId": "4.4",
          "text": "Peak Flow Rate",
          "type": "group",
          "item": [
            {
              "linkId": "4.4.1",
              "text": "LPM",
              "type": "integer",
              "required": true
            },
            {
              "linkId": "4.4.2",
              "text": "oxygen %",
              "type": "integer",
              "required": true
            },
            {
              "linkId": "4.4.3",
              "text": "Since > 4 LPM prescribed, enter arterial oxygen saturation or PO2 while patient was on 4 LPM in stable state.",
              "type": "quantity",
              "required": true,
              "enableWhen": [
                {
                  "operator": ">",
                  "question": "4.4.1",
                  "answerInteger": 4
                }
              ]
            }
          ]
        },
        {
          "linkId": "4.5",
          "text": "Average Flow Rate",
          "type": "group",
          "item": [
            {
              "linkId": "4.5.1",
              "text": "LPM",
              "type": "integer",
              "required": true
            },
            {
              "linkId": "4.5.2",
              "text": "oxygen %",
              "type": "integer",
              "required": true
            }
          ]
        },
        {
          "linkId": "4.6",
          "text": "Frequency of use (choose all that apply)",
          "type": "open-choice",
          "required": true,
          "repeats": true,
          "answerOption": [
            {
              "valueCoding": {
                "code": "At rest and awake"
              }
            },
            {
              "valueCoding": {
                "code": "During exertion"
              }
            },
            {
              "valueCoding": {
                "code": "During sleep"
              }
            }
          ],
          "extension": [
            {
              "url": "hhttp://hl7.org/fhir/uv/sdc/StructureDefinition/sdc-questionnaire-initialExpression",
              "valueExpression": {
                "language": "text/cql",
                "expression": "\"HomeOxygenTherapyPrepopulation\".FrequencyOfUse"
              }
            }
          ]
        }
      ]
    },
    {
      "linkId": "5",
      "text": "Oxygen Supply Order Details",
      "type": "group",
      "item": [
        {
          "linkId": "5.1",
          "text": "Current Order Description",
          "type": "string",
          "readOnly": true,
          "extension": [
            {
              "url": "http://hl7.org/fhir/uv/sdc/StructureDefinition/sdc-questionnaire-initialExpression",
              "valueExpression": {
                "language": "text/cql",
                "expression": "\"HomeOxygenTherapyPrepopulation\".DeviceRequestDescription"
              }
            }
          ]
        },
        {
          "linkId": "5.1b",
          "text": "Current Order Is For A Portable Device",
          "type": "boolean",
          "readOnly": true,
          "extension": [
            {
              "url": "http://hl7.org/fhir/uv/sdc/StructureDefinition/sdc-questionnaire-initialExpression",
              "valueExpression": {
                "language": "text/cql",
                "expression": "\"HomeOxygenTherapyPrepopulation\".DeviceRequestedIsPortable"
              }
            }
          ]
        },
        {
          "linkId": "5.2",
          "text": "Type",
          "type": "choice",
          "required": true,
          "readOnly": true,
          "answerOption": [
            {
              "valueCoding": {
                "code": "Liquid"
              }
            },
            {
              "valueCoding": {
                "code": "Compressed Gas"
              }
            },
            {
              "valueCoding": {
                "code": "Concentrator"
              }
            }
          ],
          "extension": [
            {
              "url": "http://hl7.org/fhir/uv/sdc/StructureDefinition/sdc-questionnaire-initialExpression",
              "valueExpression": {
                "language": "text/cql",
                "expression": "\"HomeOxygenTherapyPrepopulation\".DeviceType"
              }
            }
          ]
        },
        {
          "linkId": "5.3",
          "text": "Means of oxygen delivery and accessories",
          "type": "open-choice",
          "required": true,
          "repeats": true,
          "answerOption": [
            {
              "valueCoding": {
                "code": "Nasal cannula"
              }
            },
            {
              "valueCoding": {
                "code": "Non-rebreather"
              }
            },
            {
              "valueCoding": {
                "code": "Ventilator"
              }
            },
            {
              "valueCoding": {
                "code": "Mask"
              }
            },
            {
              "valueCoding": {
                "code": "PAP bleed in"
              }
            },
            {
              "valueCoding": {
                "code": "Oxygen conserving device"
              }
            },
            {
              "valueCoding": {
                "code": "High flow oxygen therapy"
              }
            }
          ]
        },
        {
          "linkId": "5.4",
          "text": "Order Intent",
          "type": "choice",
          "required": true,
          "answerValueSet": "http://hl7.org/fhir/ValueSet/request-intent",
          "extension": [
            {
              "url": "hhttp://hl7.org/fhir/uv/sdc/StructureDefinition/sdc-questionnaire-initialExpression",
              "valueExpression": {
                "language": "text/cql",
                "expression": "\"HomeOxygenTherapyPrepopulation\".DeviceOrderType"
              }
            }
          ]
        },
        {
          "linkId": "5.5",
          "text": "Order Reason",
          "type": "choice",
          "required": true,
          "answerOption": [
            {
              "valueCoding": {
                "code": "Initial or original order for certification"
              }
            },
            {
              "valueCoding": {
                "code": "Change in status"
              }
            },
            {
              "valueCoding": {
                "code": "Revision or change in equipment"
              }
            },
            {
              "valueCoding": {
                "code": "Replacement"
              }
            }
          ],
          "item": [
            {
              "linkId": "5.5.1",
              "text": "Reason for Change in Status",
              "type": "open-choice",
              "required": true,
              "repeats": true,
              "enableWhen": [
                {
                  "question": "5.5",
                  "operator": "=",
                  "answerCoding": {
                    "code": "Change in status"
                  }
                }
              ],
              "answerOption": [
                {
                  "valueCoding": {
                    "code": "Patient relocated"
                  }
                },
                {
                  "valueCoding": {
                    "code": "Different supplier"
                  }
                }
              ]
            },
            {
              "linkId": "5.5.2",
              "text": "Reason for Revision or change in equipment",
              "type": "open-choice",
              "required": true,
              "repeats": true,
              "enableWhen": [
                {
                  "question": "5.5",
                  "operator": "=",
                  "answerCoding": {
                    "code": "Revision or change in equipment"
                  }
                }
              ],
              "answerOption": [
                {
                  "valueCoding": {
                    "code": "New Physician order"
                  }
                },
                {
                  "valueCoding": {
                    "code": "Beneficiary requested upgrade with signed ABN"
                  }
                }
              ]
            },
            {
              "linkId": "5.5.3",
              "text": "Reason for Replacement",
              "type": "choice",
              "required": true,
              "repeats": true,
              "enableWhen": [
                {
                  "question": "5.5",
                  "operator": "=",
                  "answerCoding": {
                    "code": "Replacement"
                  }
                }
              ],
              "answerOption": [
                {
                  "valueCoding": {
                    "code": "Lost or stolen"
                  }
                },
                {
                  "valueCoding": {
                    "code": "End of lifetime"
                  }
                },
                {
                  "valueCoding": {
                    "code": "Repair exceeds 60% of cost"
                  }
                }
              ]
            }
          ]
        }
      ]
    },
    {
      "linkId": "6",
      "extension": [
        {
          "url": "http://hl7.org/fhir/StructureDefinition/sub-questionnaire",
          "valueCanonical": "questionnaire/provider-signature"
        }
      ],
      "type": "display",
      "text": "This is a placeholder for Provider Signature"
    }
  ]
}
