{
  "resourceType": "Questionnaire",
  "id": "HomeOxygenTherapyLab",
  "name": "HomeOxygenTherapyLab",
  "meta": {
    "profile": [
      "http://hl7.org/fhir/StructureDefinition/cqf-questionnaire",
      "http://hl7.org/fhir/us/davinci-dtr/StructureDefinition/dtr-questionnaire-r4"
    ]
  },
  "title": "Home Oxygen Laboratory Test Results",
  "status": "draft",
  "subjectType": ["Patient"],
  "date": "2019-12-06",
  "publisher": "Da Vinci DTR",
  "extension": [
    {
      "url": "http://hl7.org/fhir/StructureDefinition/cqf-library",
      "valueCanonical": "http://hl7.org/fhir/us/davinci-dtr/Library/HomeOxygenTherapy-prepopulation"
    }
  ],
  "item": [
    {
      "linkId": "1",
      "extension": [
        {
          "url": "http://hl7.org/fhir/StructureDefinition/sub-questionnaire",
          "valueCanonical": "questionnaire/patient-info"
        }
      ],
      "type": "display",
      "text": "This is a placeholder for Patient/Beneficiary Demographics"
    },
    {
      "linkId": "2",
      "extension": [
        {
          "url": "http://hl7.org/fhir/StructureDefinition/sub-questionnaire",
          "valueCanonical": "questionnaire/practitioner-info"
        }
      ],
      "type": "display",
      "text": "This is a placeholder for Physician/NPP Demographics"
    },  
    {
      "linkId": "3",
      "text": "Date of testing",
      "type": "date",
      "required": true
    },
    {
      "extension": [
        {
          "url": "http://hl7.org/fhir/StructureDefinition/questionnaire-itemControl",
          "valueCodeableConcept": {
            "coding": [
              {
                "system": "http://hl7.org/fhir/questionnaire-item-control",
                "code": "gtable"
              }
            ]
          }
        }
      ],
      "linkId": "4",
      "text": "Person or entity performing testing",
      "type": "group",
      "item": [
        {
          "linkId": "4.1",
          "text": "Laboratory",
          "type": "string"
        },
        {
          "linkId": "4.2",
          "text": "NPI",
          "type": "string"
        },
        {
          "linkId": "4.3",
          "text": "Name of Tester",
          "type": "string"
        },
        {
          "linkId": "4.4",
          "text": "Tester Credentials",
          "type": "string"
        }
      ]
    },
    {
      "linkId": "5",
      "text": "Testing Condition",
      "type": "group",
      "item": [
        {
          "linkId": "5.1",
          "text": "Was the patient receiving oxygen while the test was being performed",
          "type": "boolean",
          "required": true
        },
        {
          "extension": [
            {
              "url": "http://hl7.org/fhir/StructureDefinition/questionnaire-itemControl",
              "valueCodeableConcept": {
                "coding": [
                  {
                    "system": "http://hl7.org/fhir/questionnaire-item-control",
                    "code": "gtable"
                  }
                ]
              }
            }
          ],
          "linkId": "5.2",
          "text": "Flow rate",
          "type": "group",
          "required": true,
          "enableWhen": [
            {
              "question": "5.1",
              "operator": "=",
              "answerBoolean": true
            }
          ],
          "item": [
            {
              "linkId": "5.2.1",
              "text": "O2 flow rate in LPM",
              "type": "decimal"
            },
            {
              "linkId": "5.2.2",
              "text": "O2 %",
              "type": "decimal"
            }
          ]
        },
        {
          "linkId": "5.3",
          "text": "Means of oygen delivery",
          "type": "open-choice",
          "required": true,
          "enableWhen": [
            {
              "question": "5.1",
              "operator": "=",
              "answerBoolean": true
            }
          ],
          "answerOption": [
            {
              "valueCoding": {
                "code": "Nasal cannula"
              }
            },
            {
              "valueCoding": {
                "code": "Non-rebreather"
              }
            },
            {
              "valueCoding": {
                "code": "Ventilator"
              }
            },
            {
              "valueCoding": {
                "code": "Mask"
              }
            }
          ]
        }
      ]
    },
    {
      "linkId": "6",
      "text": "One or more of the following tests/studies is required",
      "type": "group",
      "required": true,
      "item": [
        {
          "extension": [
            {
              "url": "http://hl7.org/fhir/StructureDefinition/questionnaire-itemControl",
              "valueCodeableConcept": {
                "coding": [
                  {
                    "system": "http://hl7.org/fhir/questionnaire-item-control",
                    "code": "gtable"
                  }
                ]
              }
            }
          ],
          "linkId": "6.1",
          "text": "Arterial Blood Gases at rest",
          "type": "group",
          "item": [
            {
              "extension": [
                {
                  "url": "http://hl7.org/fhir/StructureDefinition/questionnaire-unit",
                  "valueCoding": {
                    "display": "%"
                  }
                }
              ],
              "linkId": "6.1.1",
              "text": "O2 Sat [%]",
              "type": "decimal",
              "code": [
                {
                  "code": "2708-6",
                  "system": "http://loinc.org",
                  "display": "SaO2 % BldA"
                }
              ]
            },
            {
              "extension": [
                {
                  "url": "http://hl7.org/fhir/StructureDefinition/questionnaire-unit",
                  "valueCoding": {
                    "display": "mmHg"
                  }
                }
              ],
              "linkId": "6.1.2",
              "text": "PaO2 [mmHg]",
              "type": "decimal",
              "code": [
                {
                  "code": "2703-7",
                  "system": "http://loinc.org",
                  "display": "pO2 BldA"
                }
              ]
            },
            {
              "linkId": "6.1.3",
              "text": "PH",
              "type": "decimal",
              "code": [
                {
                  "code": "2744-1",
                  "system": "http://loinc.org",
                  "display": "pH BldA"
                }
              ]
            },
            {
              "extension": [
                {
                  "url": "http://hl7.org/fhir/StructureDefinition/questionnaire-unit",
                  "valueCoding": {
                    "display": "mmHg"
                  }
                }
              ],
              "linkId": "6.1.4",
              "text": "PaCO2 [mmHg]",
              "type": "decimal",
              "code": [
                {
                  "code": "2019-8",
                  "system": "http://loinc.org",
                  "display": "pCO2 BldA"
                }
              ]
            },
            {
              "extension": [
                {
                  "url": "http://hl7.org/fhir/StructureDefinition/questionnaire-unit",
                  "valueCoding": {
                    "display": "mmHg"
                  }
                }
              ],
              "linkId": "6.1.5",
              "text": "HCO3 [mmHg]",
              "type": "decimal",
              "code": [
                {
                  "code": "1960-4",
                  "system": "http://loinc.org",
                  "display": "HCO3 BldA-sCnc"
                }
              ]
            },
            {
              "extension": [
                {
                  "url": "http://hl7.org/fhir/StructureDefinition/questionnaire-unit",
                  "valueCoding": {
                    "display": "%"
                  }
                }
              ],
              "linkId": "6.1.6",
              "text": "Hematocrit [%]",
              "type": "decimal",
              "code": [
                {
                  "code": "32354-3",
                  "system": "http://loinc.org",
                  "display": "Hct VFr BldA"
                }
              ]
            }
          ]
        },
        {
          "extension": [
            {
              "url": "http://hl7.org/fhir/StructureDefinition/questionnaire-unit",
              "valueCoding": {
                "display": "%"
              }
            }
          ],
          "linkId": "6.2",
          "text": "Pulse oximetry at rest/awake on room air O2 Sat",
          "type": "decimal",
          "code": [
            {
              "code": "2708-6",
              "system": "http://loinc.org",
              "display": "SaO2 % BldA"
            }
          ]
        },
        {
          "extension": [
            {
              "url": "http://hl7.org/fhir/StructureDefinition/questionnaire-itemControl",
              "valueCodeableConcept": {
                "coding": [
                  {
                    "system": "http://hl7.org/fhir/questionnaire-item-control",
                    "code": "gtable"
                  }
                ]
              }
            }
          ],
          "linkId": "6.3",
          "text": "Exercise O2 test",
          "type": "group",
          "item": [
            {
              "extension": [
                {
                  "url": "http://hl7.org/fhir/StructureDefinition/questionnaire-unit",
                  "valueCoding": {
                    "display": "%"
                  }
                }
              ],
              "linkId": "6.3.1",
              "text": "O2 Saturation results at rest without supplemental O2 [%]",
              "type": "decimal",
              "code": [
                {
                  "code": "2708-6",
                  "system": "http://loinc.org",
                  "display": "SaO2 % BldA"
                }
              ]
            },
            {
              "extension": [
                {
                  "url": "http://hl7.org/fhir/StructureDefinition/questionnaire-unit",
                  "valueCoding": {
                    "display": "%"
                  }
                }
              ],
              "linkId": "6.3.2",
              "text": "O2 Saturation during exercise without supplemental O2 [%]",
              "type": "decimal",
              "code": [
                {
                  "code": "2708-6",
                  "system": "http://loinc.org",
                  "display": "SaO2 % BldA"
                }
              ]
            },
            {
              "extension": [
                {
                  "url": "http://hl7.org/fhir/StructureDefinition/questionnaire-unit",
                  "valueCoding": {
                    "display": "%"
                  }
                }
              ],
              "linkId": "6.3.3",
              "text": "O2 Saturation  during exercise with supplemental O2 [%]",
              "type": "decimal",
              "code": [
                {
                  "code": "2708-6",
                  "system": "http://loinc.org",
                  "display": "SaO2 % BldA"
                }
              ]
            },
            {
              "linkId": "6.3.4",
              "text": " O2 flow rate in LPM",
              "type": "decimal"
            },
            {
              "extension": [
                {
                  "url": "http://hl7.org/fhir/StructureDefinition/questionnaire-unit",
                  "valueCoding": {
                    "display": "%"
                  }
                }
              ],
              "linkId": "6.3.5",
              "text": "O2 Sat [%]",
              "type": "decimal",
              "code": [
                {
                  "code": "2708-6",
                  "system": "http://loinc.org",
                  "display": "SaO2 % BldA"
                }
              ]
            }
          ]
        },
        {
          "extension": [
            {
              "url": "http://hl7.org/fhir/StructureDefinition/questionnaire-unit",
              "valueCoding": {
                "display": "%"
              }
            }
          ],
          "linkId": "6.4",
          "text": "Overnight oximetry results (while asleep and on room air) O2 Sat [%]",
          "type": "decimal",
          "code": [
            {
              "code": "2708-6",
              "system": "http://loinc.org",
              "display": "SaO2 % BldA"
            }
          ],
          "item": [
            {
              "linkId": "6.4.1",
              "text": "lowest value with total aggregate duration of no less than five (5) minutes during testing",
              "type": "display"
            }
          ]
        }
      ]
    },
    {
      "linkId": "7",
      "extension": [
        {
          "url": "http://hl7.org/fhir/StructureDefinition/sub-questionnaire",
          "valueCanonical": "questionnaire/provider-signature"
        }
      ],
      "type": "display",
      "text": "This is a placeholder for Provider Signature"
    }
  ]
}
