{
  "resourceType": "Questionnaire",
  "id": "HomeOxygenTherapyFaceToFace",
  "name": "HomeOxygenTherapyFaceToFace",
  "meta": {
    "profile": [
      "http://hl7.org/fhir/StructureDefinition/cqf-questionnaire",
      "http://hl7.org/fhir/us/davinci-dtr/StructureDefinition/dtr-questionnaire-r4"
    ]
  },
  "title": "Home Oxygen Therapy Face to Face Encounter",
  "status": "draft",
  "subjectType": [
    "Patient"
  ],
  "date": "2019-03-26",
  "publisher": "Da Vinci DTR",
  "extension": [
    {
      "url": "http://hl7.org/fhir/StructureDefinition/cqf-library",
      "valueCanonical": "http://hl7.org/fhir/us/davinci-dtr/Library/HomeOxygenTherapy-prepopulation"
    }
  ],
  "item": [
    {
      "linkId": "1",
      "extension": [
        {
          "url": "http://hl7.org/fhir/StructureDefinition/sub-questionnaire",
          "valueCanonical": "questionnaire/patient-info"
        }
      ],
      "type": "display",
      "text": "This is a placeholder for Patient/Beneficiary Demographics"
    },
    {
      "linkId": "2",
      "extension": [
        {
          "url": "http://hl7.org/fhir/StructureDefinition/sub-questionnaire",
          "valueCanonical": "questionnaire/practitioner-info"
        }
      ],
      "type": "display",
      "text": "This is a placeholder for Physician/NPP Demographics"
    },  
    {
      "linkId": "3",
      "type": "group",
      "text": "General questions",
      "item": [
        {
          "linkId": "3.1",
          "extension": [
            {
              "url": "http://hl7.org/fhir/StructureDefinition/sub-questionnaire",
              "valueCanonical": "questionnaire/encounter"
            },
            {
              "url": "http://hl7.org/fhir/StructureDefinition/sub-questionnaire-expand",
              "valueBoolean": true
            }
          ],
          "type": "display",
          "text": "This is a placeholder for Encounter"
        },
        {
          "linkId": "3.3",
          "text": "Is this encounter an inpatient hospital stay?",
          "type": "boolean"
        },
        {
          "linkId": "3.4",
          "text": "Is patient currently mobile in their home? ",
          "type": "boolean",
          "extension": [
            {
              "url": "http://hl7.org/fhir/StructureDefinition/cqf-expression",
              "valueExpression": {
                "language": "text/cql",
                "expression": "\"HomeOxygenTherapyPrepopulation\".PatientMobile"
              }
            }
          ]
        },
        {
          "linkId": "3.5",
          "text": "If No and portable O2 is required, describe:  ",
          "type": "text",
          "required": false,
          "enableWhen": [
            {
              "question": "3.4",
              "operator": "=",
              "answerBoolean": false
            }
          ]
        },
        {
          "linkId": "3.6",
          "text": "Was blood gas study ordered and evaluated?",
          "type": "boolean",
          "extension": [
            {
              "url": "http://hl7.org/fhir/StructureDefinition/cqf-expression",
              "valueExpression": {
                "language": "text/cql",
                "expression": "\"HomeOxygenTherapyPrepopulation\".BloodGasOrderedAndEvaluated"
              }
            }
          ]
        },
        {
          "linkId": "3.7",
          "text": "If Yes, date of testing (MM/DD/YYYY):",
          "type": "date",
          "required": false,
          "enableWhen": [
            {
              "question": "3.6",
              "operator": "=",
              "answerBoolean": true
            }
          ],
          "extension": [
            {
              "url": "http://hl7.org/fhir/StructureDefinition/cqf-expression",
              "valueExpression": {
                "language": "text/cql",
                "expression": "\"HomeOxygenTherapyPrepopulation\".BloodGasTestDate"
              }
            }
          ]
        },
        {
          "linkId": "3.8",
          "text": "Is patient in a chronic stable state?",
          "type": "boolean"
        },
        {
          "linkId": "3.9",
          "text": "describe:",
          "type": "text"
        },
        {
          "linkId": "3.10",
          "text": "Is there an expectation that home oxygen therapy will improve O2 Saturation?",
          "type": "boolean",
          "extension": [
            {
              "url": "http://hl7.org/fhir/StructureDefinition/cqf-expression",
              "valueExpression": {
                "language": "text/cql",
                "expression": "\"HomeOxygenTherapyPrepopulation\".True"
              }
            }
          ]
        },
        {
          "linkId": "3.11",
          "text": "describe:",
          "type": "text"
        },
        {
          "linkId": "3.12",
          "text": "Does patient live or travel to an area at high elevation?",
          "type": "boolean"
        },
        {
          "linkId": "3.13",
          "text": "If Yes, describe if relevant:",
          "type": "text",
          "required": false,
          "enableWhen": [
            {
              "question": "3.12",
              "operator": "=",
              "answerBoolean": true
            }
          ]
        },
        {
          "linkId": "3.14",
          "text": "Does patient have a reduced O2 carrying capacity?",
          "type": "boolean"
        },
        {
          "linkId": "3.15",
          "text": "If Yes, describe:",
          "type": "text",
          "required": false,
          "enableWhen": [
            {
              "question": "3.14",
              "operator": "=",
              "answerBoolean": true
            }
          ]
        }
      ]
    },
    {
      "linkId": "4",
      "type": "group",
      "text": "Primary diagnosis (to support need for home oxygen):",
      "item": [
        {
          "linkId": "4.1",
          "text": "Diagnoses",
          "type": "group",
          "item": [
            {
              "type": "open-choice",
              "extension": [
                {
                  "url": "http://hl7.org/fhir/StructureDefinition/cqf-expression",
                  "valueExpression": {
                    "language": "text/cql",
                    "expression": "\"HomeOxygenTherapyPrepopulation\".RelevantDiagnoses"
                  }
                }
              ],
              "required": false,
              "linkId": "4.1.1",
              "text": "End Stage / Severe Lung Disease",
              "repeats": true,
              "answerOption": []
            },
            {
              "linkId": "4.1.2",
              "text": "Other Diagnoses",
              "type": "open-choice",
              "required": true,
              "repeats": true,
              "answerOption": [],
              "extension": [
                {
                  "url": "http://hl7.org/fhir/StructureDefinition/cqf-expression",
                  "valueExpression": {
                    "language": "text/cql",
                    "expression": "\"HomeOxygenTherapyPrepopulation\".OtherDiagnoses"
                  }
                }
              ]
            }
          ]
        },
        {
          "type": "group",
          "required": false,
          "linkId": "4.2",
          "text": "Hypoxemia (expected to improve with oxygen therapy) and supporting evidence",
          "item": [
            {
              "type": "group",
              "required": false,
              "linkId": "4.2.1",
              "text": "Pulmonary hypertension / Cor Pulmonale",
              "item": [
                {
                  "type": "integer",
                  "extension": [
                    {
                      "url": "http://hl7.org/fhir/StructureDefinition/cqf-expression",
                      "valueExpression": {
                        "language": "text/cql",
                        "expression": "\"HomeOxygenTherapyPrepopulation\".PulmonaryArteryPressure"
                      }
                    }
                  ],
                  "required": false,
                  "linkId": "4.2.1.1",
                  "text": "Pulmonary arterial Pressure (PaP): Result:"
                }
              ]
            },
            {
              "type": "open-choice",
              "repeats": true,
              "required": false,
              "linkId": "4.2.2",
              "text": "Recurring heart failure secondary to chronic Cor Pulmonale",
              "answerOption": [
                {
                  "valueCoding": {
                    "display": "Edema"
                  }
                },
                {
                  "valueCoding": {
                    "display": "Pulmonary Rales"
                  }
                },
                {
                  "valueCoding": {
                    "display": "Fluid on CXR"
                  }
                },
                {
                  "valueCoding": {
                    "display": "Gated blood pool scan"
                  }
                },
                {
                  "valueCoding": {
                    "display": "“p” Pulmonale on ECG"
                  }
                },
                {
                  "valueCoding": {
                    "display": "Echocardiogram"
                  }
                }
              ]
            },
            {
              "type": "group",
              "extension": [
                {
                  "url": "http://hl7.org/fhir/StructureDefinition/questionnaire-answerRepeats",
                  "valueBoolean": true
                }
              ],
              "required": false,
              "linkId": "4.2.3",
              "text": "Erythrocythemia",
              "answerOption": [
                {
                  "valueCoding": {
                    "display": "Erythrocytosis"
                  }
                },
                {
                  "valueCoding": {
                    "display": "Hematocrit/hemoglobin result (Hct/Hgb):"
                  }
                }
              ],
              "item": [
                {
                  "type": "boolean",
                  "required": false,
                  "linkId": "4.2.3.1",
                  "text": "Erythrocytosis"
                },
                {
                  "type": "integer",
                  "required": false,
                  "linkId": "4.2.3.2",
                  "text": "Hematocrit/hemoglobin result (Hct/Hgb):",
                  "extension": [
                    {
                      "url": "http://hl7.org/fhir/StructureDefinition/cqf-expression",
                      "valueExpression": {
                        "language": "text/cql",
                        "expression": "\"HomeOxygenTherapyPrepopulation\".HematocritThatIsGreaterThanThreshold"
                      }
                    }
                  ]
                }
              ]
            },
            {
              "type": "boolean",
              "required": false,
              "linkId": "4.2.4",
              "text": "Cognitive impairment",
              "item": [
                {
                  "type": "boolean",
                  "required": false,
                  "linkId": "4.2.4.1",
                  "text": "Mental status exam"
                }
              ]
            },
            {
              "type": "boolean",
              "required": false,
              "linkId": "4.2.5",
              "text": "Nocturnal restlessness, morning headache, and/or daytime somnolence",
              "item": [
                {
                  "type": "boolean",
                  "required": false,
                  "linkId": "4.2.5.1",
                  "text": "Nocturnal oximetry"
                },
                {
                  "type": "boolean",
                  "required": false,
                  "linkId": "4.2.5.2",
                  "text": "Sleep Study"
                }
              ]
            },
            {
              "type": "group",
              "linkId": "4.2.6",
              "text": "Exertional hypoxia / desaturation",
              "item": [
                {
                  "type": "string",
                  "required": false,
                  "linkId": "4.2.6.1",
                  "text": "Value",
                  "extension": [
                    {
                      "url": "http://hl7.org/fhir/StructureDefinition/cqf-expression",
                      "valueExpression": {
                        "language": "text/cql",
                        "expression": "\"HomeOxygenTherapyPrepopulation\".ArterialOxygenSaturationExercise"
                      }
                    }
                  ]
                },
                {
                  "type": "boolean",
                  "required": false,
                  "linkId": "4.2.6.2",
                  "text": "O2 test",
                  "extension": [
                    {
                      "url": "http://hl7.org/fhir/StructureDefinition/cqf-expression",
                      "valueExpression": {
                        "language": "text/cql",
                        "expression": "\"HomeOxygenTherapyPrepopulation\".IsArterialOxygenSaturationExerciseTested"
                      }
                    }
                  ]
                },
                {
                  "type": "boolean",
                  "required": false,
                  "linkId": "4.2.6.3",
                  "text": "“6” minute walk (optional)"
                }
              ]
            },
            {
              "type": "string",
              "required": false,
              "linkId": "4.2.7",
              "text": "Clinical trials",
              "item": [
                {
                  "type": "boolean",
                  "required": false,
                  "linkId": "4.2.7.1",
                  "text": "Long-term O2 therapy"
                },
                {
                  "type": "boolean",
                  "required": false,
                  "linkId": "4.2.7.2",
                  "text": "Cluster headache"
                }
              ]
            }
          ]
        }
      ]
    },
    {
      "linkId": "5",
      "extension": [
        {
          "url": "http://hl7.org/fhir/StructureDefinition/sub-questionnaire",
          "valueCanonical": "questionnaire/subjective"
        }
      ],
      "type": "display",
      "text": "This is a placeholder for Subjective"
    },
    {
      "linkId": "6",
      "extension": [
        {
          "url": "http://hl7.org/fhir/StructureDefinition/sub-questionnaire",
          "valueCanonical": "questionnaire/review-of-system"
        }
      ],
      "type": "display",
      "text": "This is a placeholder for Review Of System"
    },
    {
      "linkId": "7",
      "type": "group",
      "text": "Physical Examination With Vital Signs",
      "item": [
        {
          "extension": [
            {
              "url": "http://hl7.org/fhir/StructureDefinition/sub-questionnaire",
              "valueCanonical": "questionnaire/vital-signs"
            }
          ],
          "linkId": "7.1",
          "type": "display",
          "text": "This is a placeholder for Vital Signs"
        },
        {
          "extension": [
            {
              "url": "http://hl7.org/fhir/StructureDefinition/sub-questionnaire",
              "valueCanonical": "questionnaire/physical-exam"
            }
          ],
          "linkId": "7.2",
          "type": "display",
          "text": "This is a placeholder for Physican Examination"
        }
      ]
    },
    {
      "linkId": "8",
      "type": "group",
      "text": "Other treatments",
      "item": [
        {
          "linkId": "8.1",
          "type": "boolean",
          "text": "Have treatments for respiratory-related symptoms been tried in the past?"
        },
        {
          "linkId": "8.2",
          "type": "group",
          "text": "Details",
          "item": [
            {
              "linkId": "8.2.1",
              "type": "group",
              "text": "Treatments that have been tried",
              "item": [
                {
                  "linkId": "8.2.1.1",
                  "type": "open-choice",
                  "text": "Bronchodilators",
                  "answerOption": [
                    {
                      "valueCoding": {
                        "code": "Short-Acting"
                      }
                    },
                    {
                      "valueCoding": {
                        "code": "Long-Acting"
                      }
                    }
                  ],
                  "extension": [
                    {
                      "url": "http://hl7.org/fhir/StructureDefinition/questionnaire-answerRepeats",
                      "valueBoolean": true
                    }
                  ]
                },
                {
                  "linkId": "8.2.1.2",
                  "type": "open-choice",
                  "text": "Steroids",
                  "answerOption": [
                    {
                      "valueCoding": {
                        "code": "IV"
                      }
                    },
                    {
                      "valueCoding": {
                        "code": "PO"
                      }
                    },
                    {
                      "valueCoding": {
                        "code": "Inhaled"
                      }
                    }
                  ],
                  "extension": [
                    {
                      "url": "http://hl7.org/fhir/StructureDefinition/questionnaire-answerRepeats",
                      "valueBoolean": true
                    }
                  ]
                },
                {
                  "linkId": "8.2.1.3",
                  "type": "open-choice",
                  "text": "Ventilation",
                  "answerOption": [
                    {
                      "valueCoding": {
                        "code": "Non-Invasive"
                      }
                    },
                    {
                      "valueCoding": {
                        "code": "Invasive"
                      }
                    }
                  ],
                  "extension": [
                    {
                      "url": "http://hl7.org/fhir/StructureDefinition/questionnaire-answerRepeats",
                      "valueBoolean": true
                    }
                  ]
                },
                {
                  "linkId": "8.2.1.4",
                  "type": "open-choice",
                  "text": "Anti-Inflammatory",
                  "answerOption": [
                    {
                      "valueCoding": {
                        "code": "Cromolyn Sodium"
                      }
                    },
                    {
                      "valueCoding": {
                        "code": "Interleukin(IL)-10"
                      }
                    },
                    {
                      "valueCoding": {
                        "code": "Interferon-gamma"
                      }
                    },
                    {
                      "valueCoding": {
                        "code": "Specific PDE4-inhibitors (ciolomilast and roflumilast)"
                      }
                    }
                  ],
                  "extension": [
                    {
                      "url": "http://hl7.org/fhir/StructureDefinition/questionnaire-answerRepeats",
                      "valueBoolean": true
                    }
                  ]
                },
                {
                  "linkId": "8.2.1.5",
                  "type": "open-choice",
                  "text": "Other",
                  "answerOption": [
                    {
                      "valueCoding": {
                        "code": "Antibiotics"
                      }
                    },
                    {
                      "valueCoding": {
                        "code": "Surfactin"
                      }
                    },
                    {
                      "valueCoding": {
                        "code": "PAP/CPAP"
                      }
                    },
                    {
                      "valueCoding": {
                        "code": "Pulmonary Rehabilitation"
                      }
                    }
                  ],
                  "extension": [
                    {
                      "url": "http://hl7.org/fhir/StructureDefinition/questionnaire-answerRepeats",
                      "valueBoolean": true
                    }
                  ]
                }
              ]
            },
            {
              "linkId": "8.2.2",
              "type": "open-choice",
              "text": "Indicate effectiveness for the above treatments",
              "answerOption": [
                {
                  "valueCoding": {
                    "code": "No improvement"
                  }
                },
                {
                  "valueCoding": {
                    "code": "Limited improvement"
                  }
                },
                {
                  "valueCoding": {
                    "code": "Some improvement"
                  }
                },
                {
                  "valueCoding": {
                    "code": "Able to avoid O2 except with exercise"
                  }
                },
                {
                  "valueCoding": {
                    "code": "Requires nocturnal O2 only"
                  }
                }
              ]
            }
          ],
          "enableWhen": [
            {
              "question": "8.1",
              "operator": "=",
              "answerBoolean": true
            }
          ]
        },
        {
          "linkId": "8.3",
          "type": "text",
          "text": "Explain why any of the alternative treatments were not considered?",
          "enableWhen": [
            {
              "question": "8.1",
              "operator": "=",
              "answerBoolean": false
            }
          ]
        }
      ]
    },
    {
      "linkId": "9",
      "extension": [
        {
          "url": "http://hl7.org/fhir/StructureDefinition/sub-questionnaire",
          "valueCanonical": "questionnaire/assessment-and-plan"
        }
      ],
      "type": "display",
      "text": "This is a placeholder for Assessment and Plan"
    },
    {
      "linkId": "10",
      "extension": [
        {
          "url": "http://hl7.org/fhir/StructureDefinition/sub-questionnaire",
          "valueCanonical": "questionnaire/provider-signature"
        }
      ],
      "type": "display",
      "text": "This is a placeholder for Provider Signature"
    }
  ]
}