{
    "resourceType": "ValueSet",
    "id": "2.16.840.1.113883.3.6037.1001.23.95.27",
    "meta": {
      "versionId": "1",
      "lastUpdated": "2020-11-11T12:43:51.000+00:00",
      "source": "#Aa1M1Jx1a2PIA76w"
    },
    "identifier": [
      {
        "system": "urn:ietf:rfc:3986",
        "value": "2.16.840.1.113883.3.6037.1001.23.95.27"
      }
    ],
    "version": "Latest",
    "name": "Functionality Level 1",
    "title": "Functionality Level 1",
    "status": "active",
    "publisher": "Mettles",
    "compose": {
      "include": [
        {
          "system": "http://terminology.hl7.org/CodeSystem/modifiers",
          "version": "2020-03",
          "concept": [
            {
              "code": "K1",
              "display": "Lower extremity prosthesis functional level 1 – has the ability or potential to use a prosthesis for transfers or ambulation on level surfaces at fixed cadence, typical of the limited and unlimited household ambulator"
            }
          ]
        }
      ]
    }
  }