{
    "resourceType": "ValueSet",
    "id": "2.16.840.1.113883.3.6037.1001.23.95.30",
    "meta": {
      "versionId": "1",
      "lastUpdated": "2020-11-11T12:43:51.000+00:00",
      "source": "#Aa1M1Jx1a2PIA76w"
    },
    "identifier": [
      {
        "system": "urn:ietf:rfc:3986",
        "value": "2.16.840.1.113883.3.6037.1001.23.95.30"
      }
    ],
    "version": "Latest",
    "name": "Functionality Level 4",
    "title": "Functionality Level 4",
    "status": "active",
    "publisher": "Mettles",
    "compose": {
      "include": [
        {
          "system": "http://terminology.hl7.org/CodeSystem/modifiers",
          "version": "2020-03",
          "concept": [
            {
              "code": "K4",
              "display": "Lower extremity prosthesis functional level 4 – has the ability or potential for prosthetic ambulation that exceeds the basic ambulation skills, exhibiting high impact, stress, or energy levels, typical of the prosthetic demands of the child, active adult, or athlete"
            }
          ]
        }
      ]
    }
  }