{
  "resourceType": "Questionnaire",
  "id": "ImmunosuppressiveDrugsProgressNote",
  "name": "ImmunosuppressiveDrugsProgressNote",
  "meta": {
    "profile": [
      "http://hl7.org/fhir/StructureDefinition/cqf-questionnaire",
      "http://hl7.org/fhir/us/davinci-dtr/StructureDefinition/dtr-questionnaire-r4"
    ]
  },
  "extension": [
    {
      "url": "http://hl7.org/fhir/StructureDefinition/cqf-library",
      "valueCanonical": "http://hl7.org/fhir/us/davinci-dtr/Library/ImmunosuppressiveDrugs-prepopulation"
    },
    {
      "url": "http://hl7.org/fhir/StructureDefinition/cqf-library",
      "valueCanonical": "http://hl7.org/fhir/us/davinci-dtr/Library/BasicClinicalInfo-prepopulation"
    }
  ],
  "title": "ImmunosuppressiveDrugs Progress Note Questionnaire",
  "status": "draft",
  "date": "2020-04-09",
  "publisher": "Da Vinci DTR",
  "subjectType": [
    "Patient"
  ],
  "item": [
    {
      "linkId": "1",
      "extension": [
        {
          "url": "http://hl7.org/fhir/StructureDefinition/sub-questionnaire",
          "valueCanonical": "questionnaire/patient-info"
        }
      ],
      "type": "display",
      "text": "This is a placeholder for Patient/Beneficiary Demographics"
    },
    {
      "linkId": "2",
      "extension": [
        {
          "url": "http://hl7.org/fhir/StructureDefinition/sub-questionnaire",
          "valueCanonical": "questionnaire/practitioner-info"
        }
      ],
      "type": "display",
      "text": "This is a placeholder for Physician/NPP Demographics"
    },
    {
      "linkId": "3",
      "extension": [
        {
          "url": "http://hl7.org/fhir/StructureDefinition/sub-questionnaire",
          "valueCanonical": "questionnaire/encounter"
        }
      ],
      "type": "display",
      "text": "This is a placeholder for Encounter"
    },
    {
      "linkId": "4",
      "text": "Current Other Diagnoses",
      "extension": [
        {
          "url": "http://hl7.org/fhir/uv/sdc/StructureDefinition/sdc-questionnaire-initialExpression",
          "valueExpression": {
            "language": "text/cql",
            "expression": "\"ImmunosuppressiveDrugsPrepopulation\".CurrentDiagnoses"
          }
        }
      ],
      "type": "open-choice",
      "repeats": true,
      "required": true,
      "answerOption": []
    },
    {
      "linkId": "5",
      "text": "Qualifying Transplants",
      "type": "group",
      "required": true,
      "item": [
        {
          "linkId": "5.1",
          "text": "Transplants for Order",
          "type": "open-choice",
          "repeats": true,
          "answerOption": [],
          "extension": [
            {
              "url": "http://hl7.org/fhir/uv/sdc/StructureDefinition/sdc-questionnaire-initialExpression",
              "valueExpression": {
                "language": "text/cql",
                "expression": "\"ImmunosuppressiveDrugsPrepopulation\".QualifyingTransplantCodings"
              }
            }
          ]
        },
        {
          "linkId": "5.2",
          "text": "Date of transplant",
          "type": "date",
          "required": true,
          "extension": [
            {
              "url": "http://hl7.org/fhir/uv/sdc/StructureDefinition/sdc-questionnaire-initialExpression",
              "valueExpression": {
                "language": "text/cql",
                "expression": "\"ImmunosuppressiveDrugsPrepopulation\".TransplantDate"
              }
            }
          ]
        },
        {
          "linkId": "5.3",
          "text": "Institution where transplant was performed",
          "type": "string"
        },
        {
          "linkId": "5.4",
          "text": "Transplant met Medicare coverage criteria in effect at the time?",
          "type": "choice",
          "required": true,
          "answerValueSet": "http://terminology.hl7.org/ValueSet/yes-no-unknown-not-asked",
          "extension": [
            {
              "url": "http://hl7.org/fhir/StructureDefinition/questionnaire-itemControl",
              "valueCodeableConcept": {
                "coding": [
                  {
                    "code": "radio-button",
                    "system": "http://hl7.org/fhir/questionnaire-item-control"
                  }
                ]
              }
            }
          ]
        },
        {
          "linkId": "5.5",
          "text": "If transplant is Pancreas (whole organ) alone, does patient meet the requirements defined in the guidance?",
          "type": "choice",
          "required": "true",
          "answerValueSet": "http://terminology.hl7.org/ValueSet/yes-no-unknown-not-asked",
          "extension": [
            {
              "url": "http://hl7.org/fhir/StructureDefinition/questionnaire-itemControl",
              "valueCodeableConcept": {
                "coding": [
                  {
                    "code": "radio-button",
                    "system": "http://hl7.org/fhir/questionnaire-item-control"
                  }
                ]
              }
            }
          ],
          "enableWhen": [
            {
              "question": "5.1",
              "operator": "=",
              "answerCoding": {
                "code": "698362007",
                "system": "http://snomed.info/sct"
              }
            },
            {
              "question": "5.1",
              "operator": "=",
              "answerCoding": {
                "code": "62438007",
                "system": "http://snomed.info/sct"
              }
            },
            {
              "question": "5.1",
              "operator": "=",
              "answerCoding": {
                "code": "67562009",
                "system": "http://snomed.info/sct"
              }
            },
            {
              "question": "5.1",
              "operator": "=",
              "answerCoding": {
                "code": "71947008",
                "system": "http://snomed.info/sct"
              }
            }
          ],
          "enableBehavior": "any"
        }
      ]
    },
    {
      "linkId": "6",
      "extension": [
        {
          "url": "http://hl7.org/fhir/StructureDefinition/sub-questionnaire",
          "valueCanonical": "questionnaire/subjective"
        }
      ],
      "type": "display",
      "text": "This is a placeholder for Subjective"
    },
    {
      "linkId": "7",
      "extension": [
        {
          "url": "http://hl7.org/fhir/StructureDefinition/sub-questionnaire",
          "valueCanonical": "questionnaire/review-of-system"
        }
      ],
      "type": "display",
      "text": "This is a placeholder for Review Of System"
    },
    {
      "linkId": "8",
      "type": "group",
      "text": "Physical Examination With Vital Signs",
      "item": [
        {
          "extension": [
            {
              "url": "http://hl7.org/fhir/StructureDefinition/sub-questionnaire",
              "valueCanonical": "questionnaire/vital-signs"
            }
          ],
          "linkId": "8.1",
          "type": "display",
          "text": "This is a placeholder for Vital Signs"
        },
        {
          "extension": [
            {
              "url": "http://hl7.org/fhir/StructureDefinition/sub-questionnaire",
              "valueCanonical": "questionnaire/physical-exam"
            }
          ],
          "linkId": "8.2",
          "type": "display",
          "text": "This is a placeholder for Physican Examination"
        }
      ]
    },
    {
      "linkId": "9",
      "text": "Immunosuppressive Drug Treatment Plan",
      "type": "group",
      "item": [
        {
          "linkId": "9.1",
          "type": "text",
          "text": "RxNorm Code",
          "extension": [
            {
              "url": "http://hl7.org/fhir/uv/sdc/StructureDefinition/sdc-questionnaire-initialExpression",
              "valueExpression": {
                "language": "text/cql",
                "expression": "\"ImmunosuppressiveDrugsPrepopulation\".MedicationCode"
              }
            }
          ]
        },
        {
          "linkId": "9.2",
          "type": "text",
          "text": "Drug",
          "extension": [
            {
              "url": "http://hl7.org/fhir/uv/sdc/StructureDefinition/sdc-questionnaire-initialExpression",
              "valueExpression": {
                "language": "text/cql",
                "expression": "\"ImmunosuppressiveDrugsPrepopulation\".MedicationName"
              }
            }
          ]
        },
        {
          "linkId": "9.3",
          "type": "text",
          "text": "Route",
          "extension": [
            {
              "url": "http://hl7.org/fhir/uv/sdc/StructureDefinition/sdc-questionnaire-initialExpression",
              "valueExpression": {
                "language": "text/cql",
                "expression": "\"ImmunosuppressiveDrugsPrepopulation\".MedicationRoute"
              }
            }
          ]
        },
        {
          "linkId": "9.4",
          "type": "text",
          "text": "Dose",
          "extension": [
            {
              "url": "http://hl7.org/fhir/uv/sdc/StructureDefinition/sdc-questionnaire-initialExpression",
              "valueExpression": {
                "language": "text/cql",
                "expression": "\"ImmunosuppressiveDrugsPrepopulation\".MedicationDoseWithUnit"
              }
            }
          ]
        },
        {
          "linkId": "9.5",
          "type": "text",
          "text": "Frequency",
          "extension": [
            {
              "url": "http://hl7.org/fhir/uv/sdc/StructureDefinition/sdc-questionnaire-initialExpression",
              "valueExpression": {
                "language": "text/cql",
                "expression": "\"ImmunosuppressiveDrugsPrepopulation\".MedicationFrequency"
              }
            }
          ]
        }
      ]
    },
    {
      "linkId": "10",
      "extension": [
        {
          "url": "http://hl7.org/fhir/StructureDefinition/sub-questionnaire",
          "valueCanonical": "questionnaire/assessment-and-plan"
        }
      ],
      "type": "display",
      "text": "This is a placeholder for Assessment and Plan"
    },
    {
      "linkId": "11",
      "extension": [
        {
          "url": "http://hl7.org/fhir/StructureDefinition/sub-questionnaire",
          "valueCanonical": "questionnaire/provider-signature"
        }
      ],
      "type": "display",
      "text": "This is a placeholder for Provider Signature"
    }
  ]
}