{
  "resourceType": "Questionnaire",
  "id": "UrologicalSuppliesProgressNote",
  "name": "UrologicalSuppliesProgressNote",
  "extension": [
    {
      "url": "http://hl7.org/fhir/StructureDefinition/cqf-library",
      "valueCanonical": "http://hl7.org/fhir/us/davinci-dtr/Library/UrologicalSupplies-prepopulation"
    }
  ],
  "title": "UrologicalSupplies Progress Note Questionnaire",
  "status": "draft",
  "date": "2020-04-09",
  "publisher": "Da Vinci DTR",
  "subjectType": [
    "Patient"
  ],
  "item": [
    {
      "linkId": "1",
      "extension": [
        {
          "url": "http://hl7.org/fhir/StructureDefinition/sub-questionnaire",
          "valueCanonical": "questionnaire/patient-info"
        }
      ],
      "type": "display",
      "text": "This is a placeholder for Patient/Beneficiary Demographics"
    },
    {
      "linkId": "2",
      "extension": [
        {
          "url": "http://hl7.org/fhir/StructureDefinition/sub-questionnaire",
          "valueCanonical": "questionnaire/practitioner-info"
        }
      ],
      "type": "display",
      "text": "This is a placeholder for Physician/NPP Demographics"
    },
    {
      "extension": [
        {
          "url": "http://hl7.org/fhir/StructureDefinition/sub-questionnaire",
          "valueCanonical": "questionnaire/encounter"
        }
      ],
      "linkId": "3",
      "type": "display",
      "text": "This is a placeholder for Encounter"
    },
    {
      "linkId": "4",
      "text": "Diagnoses",
      "type": "group",
      "item": [
        {
          "linkId": "4.1",
          "extension": [
            {
              "url": "http://hl7.org/fhir/uv/sdc/StructureDefinition/sdc-questionnaire-initialExpression",
              "valueExpression": {
                "language": "text/cql",
                "expression": "\"UrologicalSuppliesPrepopulation\".RelevantDiagnoses"
              }
            }
          ],
          "text": "Relevant Diagnoses",
          "type": "open-choice",
          "repeats": true,
          "required": true,
          "answerOption": []
        },
        {
          "linkId": "4.2",
          "text": "Other Diagnoses",
          "extension": [
            {
              "url": "http://hl7.org/fhir/uv/sdc/StructureDefinition/sdc-questionnaire-initialExpression",
              "valueExpression": {
                "language": "text/cql",
                "expression": "\"UrologicalSuppliesPrepopulation\".CurrentDiagnoses"
              }
            }
          ],
          "type": "open-choice",
          "require": true,
          "repeats": true,
          "answerOption": []
        }
      ]
    },
    {
      "linkId": "5",
      "extension": [
        {
          "url": "http://hl7.org/fhir/StructureDefinition/sub-questionnaire",
          "valueCanonical": "questionnaire/subjective"
        }
      ],
      "type": "display",
      "text": "This is a placeholder for Subjective"
    },
    {
      "linkId": "6",
      "extension": [
        {
          "url": "http://hl7.org/fhir/StructureDefinition/sub-questionnaire",
          "valueCanonical": "questionnaire/review-of-system"
        }
      ],
      "type": "display",
      "text": "This is a placeholder for Review Of System"
    },
    {
      "linkId": "7",
      "type": "group",
      "text": "Physical Examination With Vital Signs",
      "item": [
        {
          "extension": [
            {
              "url": "http://hl7.org/fhir/StructureDefinition/sub-questionnaire",
              "valueCanonical": "questionnaire/vital-signs"
            }
          ],
          "linkId": "7.1",
          "type": "display",
          "text": "This is a placeholder for Vital Signs"
        },
        {
          "extension": [
            {
              "url": "http://hl7.org/fhir/StructureDefinition/sub-questionnaire",
              "valueCanonical": "questionnaire/physical-exam"
            }
          ],
          "linkId": "7.2",
          "type": "display",
          "text": "This is a placeholder for Physican Examination"
        }
      ]
    },
    {
      "linkId": "8",
      "text": "Urologic Supplies Information",
      "type": "group",
      "item": [
        {
          "linkId": "8.1a",
          "text": "Indwelling catheters",
          "type": "group",
          "item": [
            {
              "linkId": "8.1",
              "text": "Check any of the following that have occurred",
              "type": "open-choice",
              "repeats": true,
              "answerOption": [
                {
                  "valueCoding": {
                    "display": "Catheter was accidentally removed (e.g., pulled out by beneficiary)"
                  }
                },
                {
                  "valueCoding": {
                    "display": "Catheter malfunctioned (e.g., balloon does not stay inflated, hole in catheter)"
                  }
                },
                {
                  "valueCoding": {
                    "display": "Catheter was obstructed by encrustation, mucous plug, or blood clot"
                  }
                },
                {
                  "valueCoding": {
                    "display": "There is a history of recurrent obstruction or urinary tract infection for which it has been established that an acute event is prevented by a scheduled change frequency of more than once per month"
                  }
                }
              ]
            },
            {
              "linkId": "8.2",
              "text": "A specialty indwelling catheter or silicone catheter is necessary to prevent (check all relevant items)",
              "type": "open-choice",
              "repeats": true,
              "answerOption": [
                {
                  "valueCoding": {
                    "display": "Recurrent encrustation"
                  }
                },
                {
                  "valueCoding": {
                    "display": "Inability to pass a straight catheter"
                  }
                },
                {
                  "valueCoding": {
                    "display": "Sensitivity to latex"
                  }
                }
              ]
            }
          ]
        },
        {
          "linkId": "8.3a",
          "text": "Urinary drainage collection systems",
          "type": "group",
          "item": [
            {
              "linkId": "8.3",
              "text": "Is there evidence of the following?",
              "type": "open-choice",
              "repeats": true,
              "answerOption": [
                {
                  "valueCoding": {
                    "display": "obstruction"
                  }
                },
                {
                  "valueCoding": {
                    "display": "sluding"
                  }
                },
                {
                  "valueCoding": {
                    "display": "clotting of blood"
                  }
                },
                {
                  "valueCoding": {
                    "display": "chronic, recurrent urinary tract infection"
                  }
                }
              ]
            },
            {
              "linkId": "8.4",
              "text": "Is the patient ambulatory/chair-bound and requires a leg bag?",
              "type": "boolean"
            }
          ]
        },
        {
          "linkId": "8.5",
          "text": "Irrigation of indwelling catheters",
          "type": "group",
          "item": [
            {
              "linkId": "8.5.1",
              "text": "There is evidence of occasional obstruction of the catheter requiring intermittent irrigation to remove or prevent",
              "type": "boolean"
            },
            {
              "linkId": "8.5.2",
              "text": "There is a history of recurring obstruction of the catheter and the patency of the catheter cannot be maintained by intermittent irrigation in conjunction with reasonable and necessary catheter changes, requiring continuous irrigation",
              "type": "boolean"
            },
            {
              "linkId": "8.6",
              "text": "Describe",
              "type": "text"
            },
            {
              "linkId": "8.7",
              "text": "For continuous irrigation",
              "type": "group",
              "item": [
                {
                  "linkId": "8.7.1",
                  "extension": [
                    {
                      "url": "http://hl7.org/fhir/StructureDefinition/questionnaire-unit",
                      "valueCoding": {
                        "display": "ml/hr"
                      }
                    }
                  ],
                  "text": "rate of solution administration (ml/hr)",
                  "type": "decimal"
                },
                {
                  "linkId": "8.7.2",
                  "extension": [
                    {
                      "url": "http://hl7.org/fhir/StructureDefinition/questionnaire-unit",
                      "valueCoding": {
                        "display": "days"
                      }
                    }
                  ],
                  "text": "duration of need (typically less than two weeks) (days)",
                  "type": "integer"
                }
              ]
            }
          ]
        },
        {
          "linkId": "8.8",
          "text": "Intermittent catheterization. Check any of the following that support the need/use of intermittent catherization",
          "type": "group",
          "item": [
            {
              "linkId": "8.8.1",
              "text": "A beneficiary or caregiver is available to perform the procedure",
              "type": "boolean"
            },
            {
              "linkId": "8.8.2",
              "text": "The beneficiary resides in a nursing facility",
              "type": "boolean"
            },
            {
              "linkId": "8.8.3",
              "text": "The beneficiary is immunosuppressed, for example (not all-inclusive)",
              "type": "boolean"
            },
            {
              "linkId": "8.8.4",
              "text": "The beneficiary has radiologically documented vesico-ureteral reflux while on a program of intermittent catheterization",
              "type": "boolean"
            },
            {
              "linkId": "8.8.5",
              "text": "The beneficiary is a spinal cord injured female with neurogenic bladder who is pregnant (for duration of pregnancy only)",
              "type": "boolean"
            },
            {
              "linkId": "8.8.6",
              "text": "The beneficiary has had distinct, recurrent urinary tract infections, while on a program of sterile intermittent catheterization with A4351/A4352 and sterile lubricant A4332, twice within the 12-month prior to the initiation of sterile intermittent catheter kits",
              "type": "boolean"
            }
          ]
        },
        {
          "linkId": "8.9a",
          "text": "Miscellaneous",
          "type": "group",
          "item": [
            {
              "linkId": "8.9",
              "text": "Is a Coude tip catheter is necessary because patient cannot be catheterized with a straight tip catheter (rare for female)?",
              "type": "boolean"
            },
            {
              "linkId": "8.10",
              "text": "Does patient (female only) have diagnosis of stress incontinence?",
              "type": "boolean"
            },
            {
              "linkId": "8.10a",
              "text": "Note: Contraindication for the use of urethral inserts:",
              "type": "display",
              "item": [
                {
                  "linkId": "8.10a.1",
                  "type": "display",
                  "text": "bladder or other urinary tract infections (UTI)"
                },
                {
                  "linkId": "8.10a.2",
                  "type": "display",
                  "text": "history of urethral stricture, bladder augmentation, pelvic radiation or other conditions where urethral catheterization is not clinically advisable"
                },
                {
                  "linkId": "8.10a.3",
                  "type": "display",
                  "text": "immunocompromised, at significant risk from UTI, interstitial cystitis, or pyelonephritis, or who have severely compromised urinary mucosa"
                },
                {
                  "linkId": "8.10a.4",
                  "type": "display",
                  "text": "unable to tolerate antibiotic therapy"
                },
                {
                  "linkId": "8.10a.5",
                  "type": "display",
                  "text": "on anticoagulants"
                },
                {
                  "linkId": "8.10a.6",
                  "type": "display",
                  "text": "on anticoagulants"
                }
              ]
            }
          ]
        }
      ]
    },
    {
      "linkId": "9",
      "extension": [
        {
          "url": "http://hl7.org/fhir/StructureDefinition/sub-questionnaire",
          "valueCanonical": "questionnaire/assessment-and-plan"
        }
      ],
      "type": "display",
      "text": "This is a placeholder for Assessment and Plan"
    },
    {
      "linkId": "10",
      "extension": [
        {
          "url": "http://hl7.org/fhir/StructureDefinition/sub-questionnaire",
          "valueCanonical": "questionnaire/provider-signature"
        }
      ],
      "type": "display",
      "text": "This is a placeholder for Provider Signature"
    }
  ]
}