{
  "resourceType": "Library",
  "id": "NonEmergencyAmbulanceTransportation-prepopulation",
  "url": "http://hl7.org/fhir/us/davinci-dtr/Library/NonEmergencyAmbulanceTransportation-prepopulation",
  "name": "NonEmergencyAmbulanceTransportation-prepopulation",
  "version": "0.0.1",
  "title": "NEAT Prepopulation",
  "status": "draft",
  "type": {
    "coding": [
      {
        "code": "logic-library"
      }
    ]
  },
  "relatedArtifact": [
    {
      "type": "depends-on",
      "resource": "Library/FHIRHelpers-4.0.0"
    },
    {
      "type": "depends-on",
      "resource": "Library/CDS_Connect_Commons_for_FHIRv400"
    },
    {
      "type": "depends-on",
      "resource": "Library/DTRHelpers"
    }
  ],
  "dataRequirement": [
    {
      "type": "ServiceRequest",
      "codeFilter": [
        {
          "path": "code",
          "valueSet": "http://cts.nlm.nih.gov/fhir/ValueSet/2.16.840.1.113762.1.4.1219.108"
        }
      ]
    },
    {
      "type": "Condition",
      "codeFilter": [
        {
          "path": "code",
          "valueSet": "http://cts.nlm.nih.gov/fhir/ValueSet/2.16.840.1.113762.1.4.1219.188"
        }
      ]
    }, {
      "type": "Procedure",
      "codeFilter": [
        {
          "path": "code",
          "valueSet": "http://cts.nlm.nih.gov/fhir/ValueSet/2.16.840.1.113762.1.4.1219.194"
        }
      ]
    }
  ],  
  "content": [
    {
      "contentType": "application/elm+json",
      "url": "files/NonEmergencyAmbulanceTransportation/r4/NonEmergencyAmbulanceTransportationPrepopulation-0.1.0.cql"
    }
  ]
}
