{
  "resourceType": "Questionnaire",
  "id": "NonEmergencyAmbulanceTransportation",
  "name": "NonEmergencyAmbulanceTransportation",
  "extension": [
    {
      "url": "http://hl7.org/fhir/StructureDefinition/cqf-library",
      "valueCanonical": "http://hl7.org/fhir/us/davinci-dtr/Library/NonEmergencyAmbulanceTransportation-prepopulation"
    }
  ],
  "title": "Non Emergency Ambulance Transportation Questionnaire",
  "status": "draft",
  "date": "2020-08-20",
  "publisher": "Da Vinci DTR",
  "subjectType": [
    "Patient"
  ],
  "item": [
    {
      "linkId": "1",
      "extension": [
        {
          "url": "http://hl7.org/fhir/StructureDefinition/sub-questionnaire",
          "valueCanonical": "questionnaire/patient-info"
        }
      ],
      "type": "display",
      "text": "This is a placeholder for Patient/Beneficiary Demographics"
    },
    {
      "linkId": "2",
      "extension": [
        {
          "url": "http://hl7.org/fhir/StructureDefinition/sub-questionnaire",
          "valueCanonical": "questionnaire/practitioner-info"
        }
      ],
      "type": "display",
      "text": "This is a placeholder for Physician/NPP Demographics"
    },
    {
      "linkId": "3",
      "text": "Order Information:",
      "type": "group",
      "item": [
        {
          "linkId": "3.1",
          "text": "Order start date, if different from date of order (MM/DD/YYYY):",
          "type": "date"
        },
        {
          "linkId": "3.2",
          "text": "Order Date",
          "type": "date",
          "required": false
        },
        {
          "linkId": "3.3",
          "text": "Start Date",
          "type": "date",
          "required": true
        },
        {
          "linkId": "3.4",
          "text": "End Date",
          "type": "date",
          "required": false
        },
        {
          "linkId": "3.5",
          "text": "Round Trip",
          "type": "boolean",
          "required": true
        },
        {
          "linkId": "3.6",
          "text": "Is transport from Home",
          "type": "boolean",
          "required": true
        },
        {
          "linkId": "3.7",
          "text": "Origin",
          "type": "string",
          "required": true
        },
        {
          "linkId": "3.8",
          "text": "Destination",
          "type": "string",
          "required": true
        },
        {
          "linkId": "3.9",
          "text": "Services",
          "type": "string",
          "required": true
        },
        {
          "linkId": "3.10",
          "text": "Other",
          "type": "string",
          "required": true
        }
      ]
    },
    {
      "linkId": "4",
      "text": "Reasons for Transport and Instructions for Ambulance Personnel",
      "type": "group",
      "item": [
        {
          "linkId": "4.1",
          "extension": [
            {
              "url": "http://hl7.org/fhir/uv/sdc/StructureDefinition/sdc-questionnaire-initialExpression",
              "valueExpression": {
                "language": "text/cql",
                "expression": "\"NonEmergencyAmbulanceTransportationPrepopulation\".RelevantDiagnoses"
              }
            }
          ],
          "text": "Reason(s) that non-emergency ground transport by ambulance is required:",
          "type": "open-choice",
          "required": true,
          "repeats": true,
          "answerOption": []
        },
        {
          "linkId": "4.2",
          "type": "group",
          "text": "Instructions for ambulance personnel:",
          "item": [
            {
              "linkId": "4.2.1",
              "text": "Severe obesity requires additional personnel/equipment to handle",
              "type": "boolean",
              "required": true
            },
            {
              "linkId": "4.2.2",
              "text": "Third party attendant required to regulate or adjust oxygen en route",
              "type": "boolean",
              "required": true
            },
            {
              "linkId": "4.2.3",
              "text": "Special handling en route - isolation",
              "type": "boolean",
              "required": true
            },
            {
              "linkId": "4.2.4",
              "text": "IV medications/fluids required during transport",
              "type": "boolean",
              "required": true
            },
            {
              "linkId": "4.2.5",
              "text": "Restraints (physical or chemical) anticipated or used during transport",
              "type": "boolean",
              "required": true
            }
          ]
        }
      ]
    },
    {
      "linkId": "5",
      "extension": [
        {
          "url": "http://hl7.org/fhir/StructureDefinition/sub-questionnaire",
          "valueCanonical": "questionnaire/provider-signature"
        }
      ],
      "type": "display",
      "text": "This is a placeholder for Provider Signature"
    }
  ]
}