{
  "resourceType": "Questionnaire",
  "id": "VentilatorsProgressNote",
  "name": "VentilatorsProgressNote",
  "meta": {
    "profile": [
      "http://hl7.org/fhir/StructureDefinition/cqf-questionnaire",
      "http://hl7.org/fhir/us/davinci-dtr/StructureDefinition/dtr-questionnaire-r4"
    ]
  },
  "extension": [
    {
      "url": "http://hl7.org/fhir/StructureDefinition/cqf-library",
      "valueCanonical": "http://hl7.org/fhir/us/davinci-dtr/Library/Ventilators-prepopulation"
    },
    {
      "url": "http://hl7.org/fhir/StructureDefinition/cqf-library",
      "valueCanonical": "http://hl7.org/fhir/us/davinci-dtr/Library/BasicClinicalInfo-prepopulation"
    }
  ],
  "title": "Ventilator Progress Note Questionnaire",
  "status": "draft",
  "date": "2020-04-09",
  "publisher": "Da Vinci DTR",
  "subjectType": [
    "Patient"
  ],
  "item": [
    {
      "linkId": "1",
      "extension": [
        {
          "url": "http://hl7.org/fhir/StructureDefinition/sub-questionnaire",
          "valueCanonical": "questionnaire/patient-info"
        }
      ],
      "type": "display",
      "text": "This is a placeholder for Patient/Beneficiary Demographics"
    },
    {
      "linkId": "2",
      "extension": [
        {
          "url": "http://hl7.org/fhir/StructureDefinition/sub-questionnaire",
          "valueCanonical": "questionnaire/practitioner-info"
        }
      ],
      "type": "display",
      "text": "This is a placeholder for Physician/NPP Demographics"
    },
    {
      "linkId": "3",
      "extension": [
        {
          "url": "http://hl7.org/fhir/StructureDefinition/sub-questionnaire",
          "valueCanonical": "questionnaire/encounter-with-reevaluation"
        }
      ],
      "type": "display"
    },
    {
      "linkId": "4",
      "text": "Diagnoses",
      "type": "group",
      "item": [
        {
          "linkId": "4.1",
          "extension": [
            {
              "url": "http://hl7.org/fhir/uv/sdc/StructureDefinition/sdc-questionnaire-initialExpression",
              "valueExpression": {
                "language": "text/cql",
                "expression": "\"VentilatorsPrepopulation\".RelevantDiagnoses"
              }
            }
          ],
          "text": "Relevant Diagnoses",
          "type": "open-choice",
          "required": true,
          "repeats": true,
          "answerOption": []
        },
        {
          "linkId": "4.2",
          "text": "Other Diagnoses",
          "extension": [
            {
              "url": "http://hl7.org/fhir/uv/sdc/StructureDefinition/sdc-questionnaire-initialExpression",
              "valueExpression": {
                "language": "text/cql",
                "expression": "\"VentilatorsPrepopulation\".OtherDiagnoses"
              }
            }
          ],
          "type": "open-choice",
          "repeats": true,
          "answerOption": []
        }
      ]
    },
    {
      "linkId": "5",
      "text": "For continued coverage",
      "type": "group",
      "item": [
        {
          "linkId": "5.1",
          "extension": [
            {
              "url": "http://hl7.org/fhir/StructureDefinition/questionnaire-itemControl",
              "valueCodeableConcept": {
                "coding": [
                  {
                    "code": "radio-button",
                    "system": "http://hl7.org/fhir/questionnaire-item-control"
                  }
                ]
              }
            }
          ],
          "text": "Demonstrated benefit from continued use?",
          "type": "choice",
          "answerValueSet": "http://terminology.hl7.org/ValueSet/v2-0136"
        },
        {
          "linkId": "5.2",
          "text": "Describe",
          "type": "text"
        }
      ]
    },
    {
      "linkId": "6",
      "extension": [
        {
          "url": "http://hl7.org/fhir/StructureDefinition/sub-questionnaire",
          "valueCanonical": "questionnaire/subjective"
        }
      ],
      "type": "display",
      "text": "This is a placeholder for Subjective"
    },
    {
      "linkId": "7",
      "extension": [
        {
          "url": "http://hl7.org/fhir/StructureDefinition/sub-questionnaire",
          "valueCanonical": "questionnaire/review-of-system"
        }
      ],
      "type": "display",
      "text": "This is a placeholder for Review Of System"
    },
    {
      "linkId": "8",
      "type": "group",
      "text": "Physical Examination With Vital Signs",
      "item": [
        {
          "extension": [
            {
              "url": "http://hl7.org/fhir/StructureDefinition/sub-questionnaire",
              "valueCanonical": "questionnaire/vital-signs"
            }
          ],
          "linkId": "8.1",
          "type": "display",
          "text": "This is a placeholder for Vital Signs"
        },
        {
          "extension": [
            {
              "url": "http://hl7.org/fhir/StructureDefinition/questionnaire-itemControl",
              "valueCodeableConcept": {
                "coding": [
                  {
                    "code": "gtable",
                    "system": "http://hl7.org/fhir/questionnaire-item-control"
                  }
                ]
              }
            }
          ],
          "linkId": "8.2",
          "text": "O2 Related Measurements",
          "type": "group",
          "item": [
            {
              "linkId": "8.2.1",
              "extension": [
                {
                  "url": "http://hl7.org/fhir/StructureDefinition/questionnaire-unit",
                  "valueCoding": {
                    "code": "%",
                    "system": "http://unitsofmeasure.org"
                  }
                }
              ],
              "text": "O2 Sat with supplemental O2 (%)",
              "type": "decimal"
            },
            {
              "linkId": "8.2.2",
              "extension": [
                {
                  "url": "http://hl7.org/fhir/StructureDefinition/questionnaire-unit",
                  "valueCoding": {
                    "code": "L/min",
                    "system": "http://unitsofmeasure.org"
                  }
                }
              ],
              "text": "Supplemental O2 (LPM)",
              "type": "decimal"
            },
            {
              "linkId": "8.2.3",
              "extension": [
                {
                  "url": "http://hl7.org/fhir/StructureDefinition/questionnaire-unit",
                  "valueCoding": {
                    "code": "cm",
                    "system": "http://unitsofmeasure.org"
                  }
                }
              ],
              "text": "Neck circumference (cm)",
              "type": "decimal"
            }
          ]
        },
        {
          "extension": [
            {
              "url": "http://hl7.org/fhir/StructureDefinition/sub-questionnaire",
              "valueCanonical": "questionnaire/physical-exam"
            }
          ],
          "linkId": "8.3",
          "type": "display",
          "text": "This is a placeholder for Physican Examination"
        }
      ]
    },
    {
      "linkId": "9",
      "extension": [
        {
          "url": "http://hl7.org/fhir/StructureDefinition/sub-questionnaire",
          "valueCanonical": "questionnaire/assessment-and-plan"
        }
      ],
      "type": "display",
      "text": "This is a placeholder for Assessment and Plan"
    },
    {
      "linkId": "10",
      "extension": [
        {
          "url": "http://hl7.org/fhir/StructureDefinition/sub-questionnaire",
          "valueCanonical": "questionnaire/provider-signature"
        }
      ],
      "type": "display",
      "text": "This is a placeholder for Provider Signature"
    }
  ]
}