{
  "resourceType": "Questionnaire",
  "id": "Ventilators",
  "name": "Ventilators",
  "meta": {
    "profile": [
      "http://hl7.org/fhir/StructureDefinition/cqf-questionnaire",
      "http://hl7.org/fhir/us/davinci-dtr/StructureDefinition/dtr-questionnaire-r4"
    ]
  },
  "extension": [
    {
      "url": "http://hl7.org/fhir/StructureDefinition/cqf-library",
      "valueCanonical": "http://hl7.org/fhir/us/davinci-dtr/Library/Ventilators-prepopulation"
    },
    {
      "url": "http://hl7.org/fhir/StructureDefinition/cqf-library",
      "valueCanonical": "http://hl7.org/fhir/us/davinci-dtr/Library/BasicClinicalInfo-prepopulation"
    }
  ],
  "title": "Ventilator Questionnaire",
  "status": "draft",
  "date": "2020-02-04",
  "publisher": "Da Vinci DTR",
  "subjectType": [
    "Patient"
  ],
  "item": [
    {
      "linkId": "1",
      "extension": [
        {
          "url": "http://hl7.org/fhir/StructureDefinition/sub-questionnaire",
          "valueCanonical": "questionnaire/patient-info"
        }
      ],
      "type": "display",
      "text": "This is a placeholder for Patient/Beneficiary Demographics"
    },
    {
      "linkId": "2",
      "extension": [
        {
          "url": "http://hl7.org/fhir/StructureDefinition/sub-questionnaire",
          "valueCanonical": "questionnaire/practitioner-info"
        }
      ],
      "type": "display",
      "text": "This is a placeholder for Physician/NPP Demographics"
    },
    {
      "linkId": "3",
      "extension": [
        {
          "url": "http://hl7.org/fhir/uv/sdc/StructureDefinition/sdc-questionnaire-initialExpression",
          "valueExpression": {
            "language": "text/cql",
            "expression": "\"BasicClinicalInfoPrepopulation\".Today"
          }
        }
      ],
      "text": "Date of in-person evaluation (MM/DD/YYYY):",
      "type": "date"
    },
    {
      "linkId": "4",
      "text": "Diagnoses",
      "type": "group",
      "required": true,
      "item": [
        {
          "linkId": "4.1",
          "extension": [
            {
              "url": "http://hl7.org/fhir/uv/sdc/StructureDefinition/sdc-questionnaire-initialExpression",
              "valueExpression": {
                "language": "text/cql",
                "expression": "\"VentilatorsPrepopulation\".RelevantDiagnoses"
              }
            }
          ],
          "text": "Relevant Diagnoses",
          "type": "open-choice",
          "repeats": true,
          "answerOption": []
        },
        {
          "linkId": "4.2",
          "text": "Other Diagnoses",
          "extension": [
            {
              "url": "http://hl7.org/fhir/uv/sdc/StructureDefinition/sdc-questionnaire-initialExpression",
              "valueExpression": {
                "language": "text/cql",
                "expression": "\"VentilatorsPrepopulation\".OtherDiagnoses"
              }
            }
          ],
          "type": "open-choice",
          "repeats": true,
          "answerOption": []
        }
      ]
    },
    {
      "linkId": "5",
      "text": "Type of order:",
      "type": "group",
      "item": [
        {
          "linkId": "5.1",
          "text": "Device:",
          "type": "choice",
          "answerValueSet": "http://hl7.org/fhir/ValueSet/request-intent"
        },
        {
          "linkId": "5.2",
          "text": "Supplies:",
          "type": "open-choice",
          "answerValueSet": "http://hl7.org/fhir/ValueSet/request-intent"
        }
      ]
    },
    {
      "linkId": "6",
      "text": "Device Order",
      "type": "group",
      "item": [
        {
          "linkId": "6.1",
          "text": "Description of device",
          "type": "text"
        },
        {
          "extension": [
            {
              "url": "http://hl7.org/fhir/uv/sdc/StructureDefinition/sdc-questionnaire-initialExpression",
              "valueExpression": {
                "language": "text/cql",
                "expression": "\"VentilatorsPrepopulation\".DeviceRequested"
              }
            }
          ],
          "linkId": "6.2",
          "text": "Specify appropriate device if known",
          "type": "choice",
          "answerOption": [
            {
              "valueCoding": {
                "code": "E0465",
                "display": "E0465 Home Ventilator used with invasive interface (e.g. tracheostomy tube)"
              }
            },
            {
              "valueCoding": {
                "code": "E0466",
                "display": "E0466 Home Ventilator used with non-invasive interface (e.g. mask, chest shell)"
              }
            }
          ]
        }
      ]
    },
    {
      "extension": [
        {
          "url": "http://hl7.org/fhir/StructureDefinition/questionnaire-itemControl",
          "valueCodeableConcept": {
            "coding": [
              {
                "system": "http://hl7.org/fhir/questionnaire-item-control",
                "code": "gtable"
              }
            ]
          }
        }
      ],
      "linkId": "7",
      "type": "group",
      "text": "Accessory Order",
      "repeats": true,
      "item": [
        {
          "linkId": "7.1.1",
          "text": "Item Description",
          "type": "string"
        },
        {
          "linkId": "7.1.2",
          "text": "Frequency",
          "type": "open-choice",
          "answerValueSet": "http://hl7.org/fhir/ValueSet/timing-abbreviation"
        },
        {
          "linkId": "7.1.3",
          "text": "Duration",
          "type": "string"
        },
        {
          "linkId": "7.1.4",
          "text": "Quantity",
          "type": "string"
        },
        {
          "linkId": "7.1.5",
          "text": "Refills",
          "type": "string"
        }
      ]
    },
    {
      "linkId": "8",
      "extension": [
        {
          "url": "http://hl7.org/fhir/StructureDefinition/sub-questionnaire",
          "valueCanonical": "questionnaire/provider-signature"
        }
      ],
      "type": "display",
      "text": "This is a placeholder for Provider Signature"
    }
  ]
}