{
  "resourceType": "Library",
  "id": "PositiveAirwayPressureDevices-prepopulation",
  "url": "http://hl7.org/fhir/us/davinci-dtr/Library/PositiveAirwayPressureDevices-prepopulation",
  "name": "PositiveAirwayPressureDevices-prepopulation",
  "identifier": [
    {
      "id": "urn:hl7:davinci:crd:library-positive-airway-pressure-prepopulate-r4"
    }
  ],
  "version": "0.0.1",
  "title": "CPAP Prepopulation",
  "status": "draft",
  "type": {
    "coding": [
      {
        "code": "logic-library"
      }
    ]
  },
  "relatedArtifact": [
    {
      "type": "depends-on",
      "resource": "Library/FHIRHelpers-4.0.0"
    },
    {
      "type": "depends-on",
      "resource": "Library/CDS_Connect_Commons_for_FHIRv400"
    },
    {
      "type": "depends-on",
      "resource": "Library/DTRHelpers"
    }
  ],
  "dataRequirement": [
    {
      "type": "Condition",
      "codeFilter": [
        {
          "path": "code",
          "valueSet": "http://cts.nlm.nih.gov/fhir/ValueSet/2.16.840.1.113762.1.4.1219.31"
        }
      ]
    }, { 
      "type": "Observation",
      "codeFilter": [
        {
          "path": "code",
          "valueSet": "http://cts.nlm.nih.gov/fhir/ValueSet/2.16.840.1.113762.1.4.1219.123"
        }
      ]
    },
    { 
      "type": "Observation",
      "codeFilter": [
        {
          "path": "code",
          "valueSet": "http://cts.nlm.nih.gov/fhir/ValueSet/2.16.840.1.113762.1.4.1219.133"
        }
      ]
    }
  ],
  "content": [
    {
      "contentType": "application/elm+json",
      "url": "files/PositiveAirwayPressureDevices/r4/PositiveAirwayPressureDevicesPrepopulation-0.1.0.cql"
    }
  ]
}