{
  "resourceType": "Questionnaire",
  "extension": [
    {
      "url": "http://hl7.org/fhir/StructureDefinition/cqf-library",
      "valueCanonical": "http://hl7.org/fhir/us/davinci-dtr/Library/PositiveAirwayPressureDevices-prepopulation"
    },
    {
      "url": "http://hl7.org/fhir/StructureDefinition/cqf-library",
      "valueCanonical": "http://hl7.org/fhir/us/davinci-dtr/Library/BasicClinicalInfo-prepopulation"
    }
  ],
  "id": "PositiveAirwayPressureDevices",
  "name": "PositiveAirwayPressureDevices",
  "identifier": [
    {
      "id": "urn:hl7:davinci:crd:positive-airway-pressure-questionnaire-r4"
    }
  ],
  "title": "Positive Airway Pressure Questionnaire",
  "status": "draft",
  "date": "2019-12-18",
  "publisher": "Da Vinci DTR",
  "subjectType": [
    "Patient"
  ],
  "item": [
    {
      "linkId": "1",
      "extension": [
        {
          "url": "http://hl7.org/fhir/StructureDefinition/sub-questionnaire",
          "valueCanonical": "questionnaire/patient-info"
        }
      ],
      "type": "display",
      "text": "This is a placeholder for Patient/Beneficiary Demographics"
    },
    {
      "linkId": "2",
      "extension": [
        {
          "url": "http://hl7.org/fhir/StructureDefinition/sub-questionnaire",
          "valueCanonical": "questionnaire/practitioner-info"
        }
      ],
      "type": "display",
      "text": "This is a placeholder for Physician/NPP Demographics"
    },
    {
      "linkId": "3",
      "extension": [
        {
          "url": "http://hl7.org/fhir/uv/sdc/StructureDefinition/sdc-questionnaire-initialExpression",
          "valueExpression": {
            "language": "text/cql",
            "expression": "\"BasicClinicalInfoPrepopulation\".RequestEncounterDate"
          }
        }
      ],
      "text": "Date of in-person evaluation (MM/DD/YYYY):",
      "type": "date"
    },
    {
      "linkId": "4",
      "text": "Patient diagnoses:",
      "type": "group",
      "item": [
        {
          "extension": [
            {
              "url": "http://hl7.org/fhir/uv/sdc/StructureDefinition/sdc-questionnaire-initialExpression",
              "valueExpression": {
                "language": "text/cql",
                "expression": "\"PositiveAirwayPressureDevicePrepopulation\".RelevantDiagnoses"
              }
            }
          ],
          "linkId": "4.1",
          "text": "Relevant Diagnoses",
          "type": "open-choice",
          "answerOption": [],
          "repeats": "true"
        },
        {
          "linkId": "4.2",
          "text": "Other diagnoses",
          "extension": [
            {
              "url": "http://hl7.org/fhir/uv/sdc/StructureDefinition/sdc-questionnaire-initialExpression",
              "valueExpression": {
                "language": "text/cql",
                "expression": "\"PositiveAirwayPressureDevicePrepopulation\".OtherDiagnoses"
              }
            }
          ],
          "type": "open-choice",
          "answerOption": [],
          "repeats": "true"
        }
      ]
    },
    {
      "linkId": "5",
      "text": "Order start date, if different from date of order (MM/DD/YYYY):",
      "type": "date"
    },
    {
      "linkId": "6",
      "text": "Type of order:",
      "type": "group",
      "item": [
        {
          "linkId": "6.1",
          "text": "Device:",
          "type": "choice",
          "answerValueSet": "http://hl7.org/fhir/ValueSet/request-intent"
        },
        {
          "linkId": "6.2",
          "text": "Supplies:",
          "type": "open-choice",
          "answerValueSet": "http://hl7.org/fhir/ValueSet/request-intent"
        }
      ]
    },
    {
      "linkId": "7",
      "type": "group",
      "text": "Order",
      "item": [
        {
          "linkId": "7.1",
          "text": "Device Order (description of device):",
          "type": "text"
        },
        {
          "extension": [
            {
              "url": "http://hl7.org/fhir/uv/sdc/StructureDefinition/sdc-questionnaire-initialExpression",
              "valueExpression": {
                "language": "text/cql",
                "expression": "\"PositiveAirwayPressureDevicePrepopulation\".PapDeviceRequested"
              }
            }
          ],
          "linkId": "7.2",
          "type": "choice",
          "text": "Device ordered",
          "answerOption": [
            {
              "valueCoding": {
                "code": "E0601",
                "display": "E0601 Continuous Positive Airway Pressure device"
              }
            },
            {
              "valueCoding": {
                "code": "E0470",
                "display": "E0470 Respiratory assist device, bi-level w/o backup"
              }
            }
          ]
        }
      ]
    },
    {
      "linkId": "8",
      "extension": [
        {
          "url": "http://hl7.org/fhir/StructureDefinition/sub-questionnaire",
          "valueCanonical": "questionnaire/provider-signature"
        }
      ],
      "type": "display",
      "text": "This is a placeholder for Provider Signature"
    }
  ]
}